Asset Tag,Cost Center,Purchase Cost,Location
1000320006249-0000,10050722,"4,303.58",RBR010 - ห้วยชินสีห์
1000320006250-0000,10050513,"4,303.58",UBN019 - หน้าตลาดดอนกลาง
1000320006251-0000,10050736,"4,303.58",SRN012 - หน้าการเคหะสุรินทร์
1000320006252-0000,10050730,"4,303.58",RYG030 - หนองก้างปลา
1000320006253-0000,10050721,"4,303.58",NPT015 - นครชัยศรี
1000320006254-0000,10050714,"4,303.58",PLK009 - ถนนสิงหวัฒน์
1000320006255-0000,10050732,"4,303.58",NPT020 - บ้านหลังสวน สาย4
1000320006256-0000,10050710,"4,303.59",RYG027 - บ้านดอน
1000320006257-0000,10050723,"4,303.59",KKN033 - ตลาดหนองกุง
1000320006258-0000,10050713,"4,303.59",RYG026 - โขดหิน
1000320006259-0000,10050727,"4,303.59",NBP008 - โนนสัง
1000320006260-0000,10050743,"4,303.59",NPT019 - กระทุ่มล้ม สาย 4
1000320006262-0000,10050738,"4,303.59",KKN036 - ห้วยบง
1000320006263-0000,10050740,"4,303.59",ACR006 - หน้าแขวงทางหลวงอำนาจเจริญ
1000320006264-0000,10050717,"4,303.59",BKK070 - นาคนิวาส
1000320006265-0000,10050701,"4,303.59",CBI093 - บ้านอำเภอ
1000320006266-0000,10050729,"4,303.59",CCO019 - หน้านิคมเกตเวย์
1000320006267-0000,10050712,"4,303.59",CBI094 - ซอยโพธิสาร
1000320006268-0000,10050725,"4,303.59",LEI001 - นาอาน
1000320006269-0000,10050719,"4,303.59",CBI095 - สุรศักดิ์
1000320006270-0000,10050720,"4,303.59",PTE030 - ซอยคุณพระ
1000320006271-0000,10050702,"4,303.59",SPK031 - ถนนศรีนครินทร์
1000320006272-0000,10050733,"4,303.59",NBP007 - นากลาง
1000320006273-0000,10050706,"4,303.59",PBI005 - หลังบิ๊กซีเพชรบุรี
1000320006274-0000,10050728,"4,303.59",RET014 - จังหาร
1000320006275-0000,10050711,"4,303.59",RYG028 - แม่น้ำคู้
1000320006276-0000,10050724,"4,303.59",KKN035 - ถนนมะลิวัลย์ ร.8
1000320006277-0000,10050709,"4,303.59",NSN013 - คลองคาง
1000320006278-0000,10050734,"4,303.59",PRI009 - ท่าประชุม
1000320006279-0000,10050700,"4,303.59",PNB011 - ศรีเทพ
1000320006280-0000,10050707,"4,303.59",KPT008 - หน้าแม็คโครเมืองกำแพ
1000320006281-0000,10050703,"4,303.59",KRI012 - หนองขาว
1000320006282-0000,10050708,"4,303.59",NBI039 - พิมลราช - บางบัวทอง
1000320006283-0000,10050696,"4,303.59",NBI038 - หมู่บ้านพระปิ่น 3
1000320006284-0000,10050726,"4,303.59",BRM020 - กระสัง
1000320006285-0000,10050715,"4,303.59",SBR003 - ตลาดอินทร์บุรี
1000320006286-0000,10050699,"4,303.59",CBI092 - ตลาดเมืองทอง
1000320006287-0000,10050704,"4,303.59",PCT005 - ทับคล้อ
1000320006288-0000,10050705,"4,303.59",NPT017 - บางเลน
1000320006293-0000,10050694,"3,103.85",SKN023 - เทศบาลเมืองสมุทรสาคร
1000320006294-0000,10050694,"3,103.85",SKN023 - เทศบาลเมืองสมุทรสาคร
1000320006295-0000,10050693,"3,103.85",NBI036 - บัวทองเคหะ
1000320006296-0000,10050693,"3,103.85",NBI036 - บัวทองเคหะ
1000320006297-0000,10050693,"3,103.85",NBI036 - บัวทองเคหะ
1000320006298-0000,10050693,"3,103.85",NBI036 - บัวทองเคหะ
1000320006299-0000,10050690,"3,103.85",SPK028 - ศรีด่าน ซอย 3
1000320006300-0000,10050690,"3,103.85",SPK028 - ศรีด่าน ซอย 3
1000320006301-0000,10050694,"3,103.85",SKN023 - เทศบาลเมืองสมุทรสาคร
1000320006302-0000,10050694,"3,103.85",SKN023 - เทศบาลเมืองสมุทรสาคร
1000320006303-0000,10050686,"3,103.85",BKK069 - ถนนสะแกงาม
1000320006304-0000,10050686,"3,103.85",BKK069 - ถนนสะแกงาม
1000320006305-0000,10050686,"3,103.85",BKK069 - ถนนสะแกงาม
1000320006306-0000,10050686,"3,103.85",BKK069 - ถนนสะแกงาม
1000320006307-0000,10050683,"3,103.85",SKW009 - สี่แยกโคกสูง
1000320006308-0000,10050683,"3,103.85",SKW009 - สี่แยกโคกสูง
1000320006309-0000,10050683,"3,103.85",SKW009 - สี่แยกโคกสูง
1000320006310-0000,10050683,"3,103.85",SKW009 - สี่แยกโคกสูง
1000320006311-0000,10050690,"3,103.85",SPK028 - ศรีด่าน ซอย 3
1000320006312-0000,10050690,"3,103.85",SPK028 - ศรีด่าน ซอย 3
1000320006313-0000,10050697,"3,103.85",PRI007 - วงเวียนนเรศวร
1000320006314-0000,10050697,"3,103.85",PRI007 - วงเวียนนเรศวร
1000320006315-0000,10050695,"3,103.85",SPK030 - ตลาดด่านสำโรง
1000320006316-0000,10050698,"3,103.85",CBI091 - ซอยเนินพลับหวาน
1000320006317-0000,10050695,"3,103.85",SPK030 - ตลาดด่านสำโรง
1000320006318-0000,10050697,"3,103.85",PRI007 - วงเวียนนเรศวร
1000320006319-0000,10050698,"3,103.85",CBI091 - ซอยเนินพลับหวาน
1000320006320-0000,10050695,"3,103.85",SPK030 - ตลาดด่านสำโรง
1000320006321-0000,10050698,"3,103.85",CBI091 - ซอยเนินพลับหวาน
1000320006322-0000,10050695,"3,103.85",SPK030 - ตลาดด่านสำโรง
1000320006323-0000,10050697,"3,103.85",PRI007 - วงเวียนนเรศวร
1000320006324-0000,10050704,"3,103.85",PCT005 - ทับคล้อ
1000320006325-0000,10050703,"3,103.85",KRI012 - หนองขาว
1000320006326-0000,10050703,"3,103.85",KRI012 - หนองขาว
1000320006327-0000,10050704,"3,103.85",PCT005 - ทับคล้อ
1000320006328-0000,10050704,"3,103.85",PCT005 - ทับคล้อ
1000320006329-0000,10050703,"3,103.85",KRI012 - หนองขาว
1000320006330-0000,10050703,"3,103.85",KRI012 - หนองขาว
1000320006331-0000,10050705,"3,103.85",NPT017 - บางเลน
1000320006332-0000,10050699,"3,103.85",CBI092 - ตลาดเมืองทอง
1000320006333-0000,10050700,"3,103.85",PNB011 - ศรีเทพ
1000320006334-0000,10050700,"3,103.85",PNB011 - ศรีเทพ
1000320006335-0000,10050704,"3,103.85",PCT005 - ทับคล้อ
1000320006336-0000,10050700,"3,103.85",PNB011 - ศรีเทพ
1000320006337-0000,10050700,"3,103.85",PNB011 - ศรีเทพ
1000320006338-0000,10050698,"3,103.85",CBI091 - ซอยเนินพลับหวาน
1000320006339-0000,10050705,"3,103.85",NPT017 - บางเลน
1000320006340-0000,10050699,"3,103.85",CBI092 - ตลาดเมืองทอง
1000320006341-0000,10050699,"3,103.85",CBI092 - ตลาดเมืองทอง
1000320006342-0000,10050699,"3,103.85",CBI092 - ตลาดเมืองทอง
1000320006343-0000,10050715,"3,103.85",SBR003 - ตลาดอินทร์บุรี
1000320006344-0000,10050715,"3,103.85",SBR003 - ตลาดอินทร์บุรี
1000320006345-0000,10050724,"3,103.85",KKN035 - ถนนมะลิวัลย์ ร.8
1000320006346-0000,10050728,"3,103.85",RET014 - จังหาร
1000320006347-0000,10050728,"3,103.85",RET014 - จังหาร
1000320006348-0000,10050728,"3,103.85",RET014 - จังหาร
1000320006349-0000,10050696,"3,103.85",NBI038 - หมู่บ้านพระปิ่น 3
1000320006350-0000,10050733,"3,103.85",NBP007 - นากลาง
1000320006351-0000,10050728,"3,103.85",RET014 - จังหาร
1000320006352-0000,10050696,"3,103.85",NBI038 - หมู่บ้านพระปิ่น 3
1000320006353-0000,10050709,"3,103.85",NSN013 - คลองคาง
1000320006354-0000,10050711,"3,103.85",RYG028 - แม่น้ำคู้
1000320006355-0000,10050724,"3,103.85",KKN035 - ถนนมะลิวัลย์ ร.8
1000320006356-0000,10050696,"3,103.85",NBI038 - หมู่บ้านพระปิ่น 3
1000320006357-0000,10050724,"3,103.85",KKN035 - ถนนมะลิวัลย์ ร.8
1000320006358-0000,10050724,"3,103.85",KKN035 - ถนนมะลิวัลย์ ร.8
1000320006359-0000,10050720,"3,103.85",PTE030 - ซอยคุณพระ
1000320006360-0000,10050733,"3,103.85",NBP007 - นากลาง
1000320006361-0000,10050711,"3,103.85",RYG028 - แม่น้ำคู้
1000320006362-0000,10050728,"3,103.85",RET014 - จังหาร
1000320006363-0000,10050711,"3,103.85",RYG028 - แม่น้ำคู้
1000320006364-0000,10050734,"3,103.85",PRI009 - ท่าประชุม
1000320006365-0000,10050696,"3,103.85",NBI038 - หมู่บ้านพระปิ่น 3
1000320006366-0000,10050720,"3,103.85",PTE030 - ซอยคุณพระ
1000320006367-0000,10050720,"3,103.85",PTE030 - ซอยคุณพระ
1000320006368-0000,10050720,"3,103.85",PTE030 - ซอยคุณพระ
1000320006369-0000,10050734,"3,103.85",PRI009 - ท่าประชุม
1000320006370-0000,10050711,"3,103.85",RYG028 - แม่น้ำคู้
1000320006371-0000,10050706,"3,103.85",PBI005 - หลังบิ๊กซีเพชรบุรี
1000320006372-0000,10050705,"3,103.85",NPT017 - บางเลน
1000320006373-0000,10050711,"3,103.85",RYG028 - แม่น้ำคู้
1000320006374-0000,10050709,"3,103.85",NSN013 - คลองคาง
1000320006375-0000,10050709,"3,103.85",NSN013 - คลองคาง
1000320006376-0000,10050696,"3,103.85",NBI038 - หมู่บ้านพระปิ่น 3
1000320006377-0000,10050709,"3,103.85",NSN013 - คลองคาง
1000320006378-0000,10050709,"3,103.85",NSN013 - คลองคาง
1000320006379-0000,10050720,"3,103.85",PTE030 - ซอยคุณพระ
1000320006380-0000,10050733,"3,103.85",NBP007 - นากลาง
1000320006381-0000,10050733,"3,103.85",NBP007 - นากลาง
1000320006382-0000,10050733,"3,103.85",NBP007 - นากลาง
1000320006383-0000,10050706,"3,103.85",PBI005 - หลังบิ๊กซีเพชรบุรี
1000320006384-0000,10050708,"3,103.85",NBI039 - พิมลราช - บางบัวทอง
1000320006385-0000,10050699,"3,103.85",CBI092 - ตลาดเมืองทอง
1000320006386-0000,10050708,"3,103.85",NBI039 - พิมลราช - บางบัวทอง
1000320006387-0000,10050708,"3,103.85",NBI039 - พิมลราช - บางบัวทอง
1000320006388-0000,10050708,"3,103.85",NBI039 - พิมลราช - บางบัวทอง
1000320006389-0000,10050715,"3,103.85",SBR003 - ตลาดอินทร์บุรี
1000320006390-0000,10050708,"3,103.85",NBI039 - พิมลราช - บางบัวทอง
1000320006391-0000,10050715,"3,103.85",SBR003 - ตลาดอินทร์บุรี
1000320006392-0000,10050715,"3,103.85",SBR003 - ตลาดอินทร์บุรี
1000320006393-0000,10050702,"3,103.85",SPK031 - ถนนศรีนครินทร์
1000320006394-0000,10050702,"3,103.85",SPK031 - ถนนศรีนครินทร์
1000320006395-0000,10050702,"3,103.85",SPK031 - ถนนศรีนครินทร์
1000320006396-0000,10050702,"3,103.85",SPK031 - ถนนศรีนครินทร์
1000320006397-0000,10050707,"3,103.85",KPT008 - หน้าแม็คโครเมืองกำแพ
1000320006398-0000,10050707,"3,103.85",KPT008 - หน้าแม็คโครเมืองกำแพ
1000320006399-0000,10050742,"3,103.85",UDN011 - หนองหาน
1000320006400-0000,10050707,"3,103.85",KPT008 - หน้าแม็คโครเมืองกำแพ
1000320006401-0000,10050707,"3,103.85",KPT008 - หน้าแม็คโครเมืองกำแพ
1000320006402-0000,10050706,"3,103.85",PBI005 - หลังบิ๊กซีเพชรบุรี
1000320006403-0000,10050706,"3,103.85",PBI005 - หลังบิ๊กซีเพชรบุรี
1000320006404-0000,10050706,"3,103.85",PBI005 - หลังบิ๊กซีเพชรบุรี
1000320006405-0000,10050726,"3,103.85",BRM020 - กระสัง
1000320006406-0000,10050726,"3,103.85",BRM020 - กระสัง
1000320006407-0000,10050726,"3,103.85",BRM020 - กระสัง
1000320006408-0000,10050724,"3,103.85",KKN035 - ถนนมะลิวัลย์ ร.8
1000320006409-0000,10050726,"3,103.85",BRM020 - กระสัง
1000320006410-0000,10050726,"3,103.85",BRM020 - กระสัง
1000320006411-0000,10050719,"3,103.85",CBI095 - สุรศักดิ์
1000320006412-0000,10050719,"3,103.85",CBI095 - สุรศักดิ์
1000320006413-0000,10050719,"3,103.85",CBI095 - สุรศักดิ์
1000320006414-0000,10050719,"3,103.85",CBI095 - สุรศักดิ์
1000320006415-0000,10050719,"3,103.85",CBI095 - สุรศักดิ์
1000320006416-0000,10050702,"3,103.85",SPK031 - ถนนศรีนครินทร์
1000320006417-0000,10050701,"3,103.85",CBI093 - บ้านอำเภอ
1000320006418-0000,10050701,"3,103.85",CBI093 - บ้านอำเภอ
1000320006419-0000,10050712,"3,103.85",CBI094 - ซอยโพธิสาร
1000320006420-0000,10050712,"3,103.85",CBI094 - ซอยโพธิสาร
1000320006421-0000,10050701,"3,103.85",CBI093 - บ้านอำเภอ
1000320006422-0000,10050712,"3,103.85",CBI094 - ซอยโพธิสาร
1000320006423-0000,10050712,"3,103.85",CBI094 - ซอยโพธิสาร
1000320006424-0000,10050712,"3,103.85",CBI094 - ซอยโพธิสาร
1000320006425-0000,10050717,"3,103.85",Bkk070 - นาคนิวาส
1000320006426-0000,10050734,"3,103.85",PRI009 - ท่าประชุม
1000320006427-0000,10050734,"3,103.85",PRI009 - ท่าประชุม
1000320006428-0000,10050734,"3,103.85",PRI009 - ท่าประชุม
1000320006429-0000,10050717,"3,103.85",Bkk070 - นาคนิวาส
1000320006430-0000,10050721,"3,103.85",NPT015 - นครชัยศรี
1000320006431-0000,10050721,"3,103.85",NPT015 - นครชัยศรี
1000320006432-0000,10050725,"3,103.85",LEI001 - นาอาน
1000320006433-0000,10050717,"3,103.85",Bkk070 - นาคนิวาส
1000320006434-0000,10050721,"3,103.85",NPT015 - นครชัยศรี
1000320006435-0000,10050721,"3,103.85",NPT015 - นครชัยศรี
1000320006436-0000,10050717,"3,103.85",Bkk070 - นาคนิวาส
1000320006437-0000,10050717,"3,103.85",Bkk070 - นาคนิวาส
1000320006438-0000,10050721,"3,103.85",NPT015 - นครชัยศรี
1000320006439-0000,10050701,"3,103.85",CBI093 - บ้านอำเภอ
1000320006440-0000,10050701,"3,103.85",CBI093 - บ้านอำเภอ
1000320006441-0000,10050722,"3,103.85",RBR010 - ห้วยชินสีห์
1000320006442-0000,10050722,"3,103.85",RBR010 - ห้วยชินสีห์
1000320006443-0000,10050732,"3,103.85",NPT020 - บ้านหลังสวน สาย4
1000320006444-0000,10050732,"3,103.85",NPT020 - บ้านหลังสวน สาย4
1000320006445-0000,10050722,"3,103.85",RBR010 - ห้วยชินสีห์
1000320006446-0000,10050722,"3,103.85",RBR010 - ห้วยชินสีห์
1000320006447-0000,10050722,"3,103.85",RBR010 - ห้วยชินสีห์
1000320006448-0000,10050732,"3,103.85",NPT020 - บ้านหลังสวน สาย4
1000320006449-0000,10050725,"3,103.85",LEI001 - นาอาน
1000320006450-0000,10050725,"3,103.84",LEI001 - นาอาน
1000320006451-0000,10050725,"3,103.84",LEI001 - นาอาน
1000320006452-0000,10050725,"3,103.84",LEI001 - นาอาน
1000320006703-0000,10050753,"4,715.73",RYG031 - บ้านใต้สุน
1000320006704-0000,10050761,"4,715.73",SKN028 - ถนนเศรษฐกิจ 1
1000320006705-0000,10050742,"4,715.73",UDN011 - หนองหาน
1000320006706-0000,10050749,"4,715.73",LEI002 - ตลาดวังสะพุง
1000320006707-0000,10050752,"4,715.73",UDN012 - บ้านดุง
1000320006708-0000,10050585,"4,715.73",RET010 - สาเกตุนคร
1000320006709-0000,10050735,"4,715.73",KKN034 - หน้าโรงพยาบาลชุมแพ
1000320006710-0000,10050772,"4,715.73",UDN013 - หน้าค่ายประจักษ์ศิลปาคม
1000320006711-0000,10050764,"4,715.73",SKN026 - บางหญ้าแพรก
1000320006712-0000,10050737,"4,715.73",KKN037 - สี่แยกบ้านเกิ้ง
1000320006713-0000,10050762,"4,715.73",SKN027 - ตลาดวาสนา
1000320006714-0000,10050757,"4,715.73",UBN024 - สว่างวีระวงศ์
1000320006715-0000,10050760,"4,715.73",CTI005 - พลับพลา
1000320006716-0000,10050751,"4,715.73",RBR011 - ดำเนินสะดวก
1000320006717-0000,10050768,"4,715.73",CBI098 - ตลาดกุลศรี
1000320006718-0000,10050731,"4,715.73",PTE032 - ตลาดพระรูป
1000320006719-0000,10050750,"4,715.73",BKK073 - สรงประภา
1000320006720-0000,10050741,"4,715.73",PTE033 - ชุมชนเปียร์นนท์
1000320006721-0000,10050766,"4,715.73",RYG029 - ตลาดป่ามะพร้าว
1000320006722-0000,10050771,"4,715.73",YST006 - คำเขื่อนแก้ว
1000320006723-0000,10050755,"4,715.73",YST005 - ป่าติ้ว
1000320006724-0000,10050758,"4,715.73",SPK033 - ซอยไปรษณีย์เก่า
1000320006725-0000,10050748,"4,715.73",SKN025 - ถนนพุทธสาคร สาย4
1000320006726-0000,10050747,"4,715.73",SKN024 - โพธิ์แจ้
1000320006727-0000,10050754,"4,715.73",RYG032 - กระเฉด
1000320006728-0000,10050746,"4,715.73",BKK072 - ถนนเฉลิมพระเกียรติ ร.9
1000320006729-0000,10050347,"4,715.73",CBI038 - ศุขประยูร
1000320006730-0000,10050756,"4,715.73",CBI096 - หนองแขวะ
1000320006731-0000,10050745,"4,715.73",NPT018 - ท่าพูด
1000320006732-0000,10050773,"4,715.74",UBN025 - สถลมาร์ค
1000320006733-0000,10050765,"4,715.74",KSN009 - หนองกุงศรี
1000320006734-0000,10050718,"4,715.74",BKK071 - ถนนพระยาสุเรนทร์
1000320006735-0000,10050716,"4,715.74",UBN023 - หน้า ม.อุบลราชธานี
1000320006736-0000,10050744,"4,715.74",NSN014 - ตลาดศรีนคร
1000320006858-0000,10050372,"2,971.51",BRM016 - ถนนนางรอง-ลำปลายมาศ
1000320006859-0000,10050714,"2,971.51",PLK009 - ถนนสิงหวัฒน์
1000320006860-0000,10050714,"2,971.51",PLK009 - ถนนสิงหวัฒน์
1000320006861-0000,10050735,"2,971.51",KKN034 - หน้าโรงพยาบาลชุมแพ
1000320006862-0000,10050735,"2,971.51",KKN034 - หน้าโรงพยาบาลชุมแพ
1000320006863-0000,10050735,"2,971.51",KKN034 - หน้าโรงพยาบาลชุมแพ
1000320006864-0000,10050743,"2,971.51",NPT019 - กระทุ่มล้ม สาย 4
1000320006865-0000,10050743,"2,971.51",NPT019 - กระทุ่มล้ม สาย 4
1000320006866-0000,10050729,"2,971.51",CCO019 - หน้านิคมเกตเวย์
1000320006867-0000,10050743,"2,971.51",NPT019 - กระทุ่มล้ม สาย 4
1000320006868-0000,10050729,"2,971.51",CCO019 - หน้านิคมเกตเวย์
1000320006869-0000,10050743,"2,971.51",NPT019 - กระทุ่มล้ม สาย 4
1000320006870-0000,10050727,"2,971.51",NBP008 - โนนสัง
1000320006871-0000,10050727,"2,971.51",NBP008 - โนนสัง
1000320006872-0000,10050729,"2,971.51",CCO019 - หน้านิคมเกตเวย์
1000320006873-0000,10050743,"2,971.51",NPT019 - กระทุ่มล้ม สาย 4
1000320006874-0000,10050729,"2,971.51",CCO019 - หน้านิคมเกตเวย์
1000320006875-0000,10050729,"2,971.51",CCO019 - หน้านิคมเกตเวย์
1000320006876-0000,10050727,"2,971.51",NBP008 - โนนสัง
1000320006877-0000,10050727,"2,971.51",NBP008 - โนนสัง
1000320006878-0000,10050727,"2,971.51",NBP008 - โนนสัง
1000320006879-0000,10050738,"2,971.51",KKN036 - ห้วยบง
1000320006880-0000,10050738,"2,971.51",KKN036 - ห้วยบง
1000320006881-0000,10050738,"2,971.51",KKN036 - ห้วยบง
1000320006882-0000,10050738,"2,971.51",KKN036 - ห้วยบง
1000320006883-0000,10050738,"2,971.51",KKN036 - ห้วยบง
1000320006884-0000,10050766,"2,971.51",RYG029 - ตลาดป่ามะพร้าว
1000320006885-0000,10050758,"2,971.51",SPK033 - ซอยไปรษณีย์เก่า
1000320006886-0000,10050758,"2,971.51",SPK033 - ซอยไปรษณีย์เก่า
1000320006887-0000,10050773,"2,971.51",UBN025 - สถลมาร์ค
1000320006888-0000,10050758,"2,971.51",SPK033 - ซอยไปรษณีย์เก่า
1000320006889-0000,10050773,"2,971.51",UBN025 - สถลมาร์ค
1000320006890-0000,10050773,"2,971.51",UBN025 - สถลมาร์ค
1000320006891-0000,10050760,"2,971.51",CTI005 - พลับพลา
1000320006892-0000,10050766,"2,971.51",RYG029 - ตลาดป่ามะพร้าว
1000320006893-0000,10050758,"2,971.51",SPK033 - ซอยไปรษณีย์เก่า
1000320006894-0000,10050773,"2,971.51",UBN025 - สถลมาร์ค
1000320006895-0000,10050772,"2,971.51",UDN013 - หน้าค่ายประจักษ์ศิลปาคม
1000320006896-0000,10050772,"2,971.51",UDN013 - หน้าค่ายประจักษ์ศิลปาคม
1000320006897-0000,10050772,"2,971.51",UDN013 - หน้าค่ายประจักษ์ศิลปาคม
1000320006898-0000,10050772,"2,971.51",UDN013 - หน้าค่ายประจักษ์ศิลปาคม
1000320006899-0000,10050103,"2,971.51",BKK020 - ซอยนิคมอุตสาหกรรม
1000320006900-0000,10050758,"2,971.51",SPK033 - ซอยไปรษณีย์เก่า
1000320006901-0000,10050773,"2,971.51",UBN025 - สถลมาร์ค
1000320006902-0000,10050772,"2,971.51",UDN013 - หน้าค่ายประจักษ์ศิลปาคม
1000320006903-0000,10050286,"2,971.51",CBI020 - คุ้มครองแมนชั่น
1000320006904-0000,10050735,"2,971.51",KKN034 - หน้าโรงพยาบาลชุมแพ
1000320006905-0000,10050749,"2,971.51",LEI002 - ตลาดวังสะพุง
1000320006906-0000,10050765,"2,971.51",KSN009 - หนองกุงศรี
1000320006907-0000,10050749,"2,971.51",LEI002 - ตลาดวังสะพุง
1000320006908-0000,10050765,"2,971.51",KSN009 - หนองกุงศรี
1000320006909-0000,10050757,"2,971.51",UBN024 - สว่างวีระวงศ์
1000320006910-0000,10050749,"2,971.51",LEI002 - ตลาดวังสะพุง
1000320006911-0000,10050731,"2,971.51",PTE032 - ตลาดพระรูป
1000320006912-0000,10050757,"2,971.51",UBN024 - สว่างวีระวงศ์
1000320006913-0000,10050757,"2,971.51",UBN024 - สว่างวีระวงศ์
1000320006914-0000,10050765,"2,971.51",KSN009 - หนองกุงศรี
1000320006915-0000,10050757,"2,971.51",UBN024 - สว่างวีระวงศ์
1000320006916-0000,10050731,"2,971.51",PTE032 - ตลาดพระรูป
1000320006917-0000,10050757,"2,971.51",UBN024 - สว่างวีระวงศ์
1000320006918-0000,10050731,"2,971.51",PTE032 - ตลาดพระรูป
1000320006919-0000,10050749,"2,971.51",LEI002 - ตลาดวังสะพุง
1000320006920-0000,10050731,"2,971.51",PTE032 - ตลาดพระรูป
1000320006921-0000,10050731,"2,971.51",PTE032 - ตลาดพระรูป
1000320006922-0000,10050749,"2,971.51",LEI002 - ตลาดวังสะพุง
1000320006923-0000,10050761,"2,971.51",SKN028 - ถนนเศรษฐกิจ 1
1000320006924-0000,10050723,"2,971.51",KKN033 - ตลาดหนองกุง
1000320006925-0000,10050723,"2,971.51",KKN033 - ตลาดหนองกุง
1000320006926-0000,10050723,"2,971.51",KKN033 - ตลาดหนองกุง
1000320006927-0000,10050723,"2,971.51",KKN033 - ตลาดหนองกุง
1000320006928-0000,10050723,"2,971.51",KKN033 - ตลาดหนองกุง
1000320006929-0000,10050710,"2,971.51",RYG027 - บ้านดอน
1000320006930-0000,10050710,"2,971.51",RYG027 - บ้านดอน
1000320006931-0000,10050710,"2,971.51",RYG027 - บ้านดอน
1000320006932-0000,10050710,"2,971.51",RYG027 - บ้านดอน
1000320006933-0000,10050710,"2,971.51",RYG027 - บ้านดอน
1000320006934-0000,10050736,"2,971.51",SRN012 - หน้าการเคหะสุรินทร์
1000320006935-0000,10050736,"2,971.51",SRN012 - หน้าการเคหะสุรินทร์
1000320006936-0000,10050736,"2,971.51",SRN012 - หน้าการเคหะสุรินทร์
1000320006937-0000,10050736,"2,971.51",SRN012 - หน้าการเคหะสุรินทร์
1000320006938-0000,10050736,"2,971.51",SRN012 - หน้าการเคหะสุรินทร์
1000320006939-0000,10050713,"2,971.51",RYG026 - โขดหิน
1000320006940-0000,10050713,"2,971.51",RYG026 - โขดหิน
1000320006941-0000,10050713,"2,971.51",RYG026 - โขดหิน
1000320006942-0000,10050713,"2,971.51",RYG026 - โขดหิน
1000320006943-0000,10050713,"2,971.51",RYG026 - โขดหิน
1000320006944-0000,10050740,"2,971.51",ACR006 - หน้าแขวงทางหลวงอำนาจเจริญ
1000320006945-0000,10050714,"2,971.51",PLK009 - ถนนสิงหวัฒน์
1000320006946-0000,10050513,"2,971.51",UBN019 - หน้าตลาดดอนกลาง
1000320006947-0000,10050513,"2,971.51",UBN019 - หน้าตลาดดอนกลาง
1000320006948-0000,10050714,"2,971.51",PLK009 - ถนนสิงหวัฒน์
1000320006949-0000,10050740,"2,971.51",ACR006 - หน้าแขวงทางหลวงอำนาจเจริญ
1000320006950-0000,10050714,"2,971.51",PLK009 - ถนนสิงหวัฒน์
1000320006951-0000,10050211,"2,971.51",SPB006 - ถนนหมื่นหาญ
1000320006952-0000,10050735,"2,971.51",KKN034 - หน้าโรงพยาบาลชุมแพ
1000320006953-0000,10050740,"2,971.51",ACR006 - หน้าแขวงทางหลวงอำนาจเจริญ
1000320006954-0000,10050740,"2,971.51",ACR006 - หน้าแขวงทางหลวงอำนาจเจริญ
1000320006955-0000,10050513,"2,971.51",UBN019 - หน้าตลาดดอนกลาง
1000320006957-0000,10050740,"2,971.51",ACR006 - หน้าแขวงทางหลวงอำนาจเจริญ
1000320006958-0000,10050776,"2,971.51",YST007 - เมืองยโสธร
1000320006959-0000,10050763,"2,971.51",PTE034 - ธัญบุรี คลอง7
1000320006960-0000,10050777,"2,971.51",MDH003 - สามแยก ธกส.มุกดาหาร
1000320006961-0000,10050779,"2,971.51",MDH004 - หน้าตลาดอินโดจีน
1000320006962-0000,10050084,"2,971.51",CCO007 - บ้านใหม่
1000320006963-0000,10050779,"2,971.51",MDH004 - หน้าตลาดอินโดจีน
1000320006964-0000,10050776,"2,971.51",YST007 - เมืองยโสธร
1000320006965-0000,10050776,"2,971.51",YST007 - เมืองยโสธร
1000320006966-0000,10050779,"2,971.51",MDH004 - หน้าตลาดอินโดจีน
1000320006967-0000,10050779,"2,971.51",MDH004 - หน้าตลาดอินโดจีน
1000320006968-0000,10050777,"2,971.51",MDH003 - สามแยก ธกส.มุกดาหาร
1000320006969-0000,10050779,"2,971.51",MDH004 - หน้าตลาดอินโดจีน
1000320006970-0000,10050776,"2,971.51",YST007 - เมืองยโสธร
1000320006971-0000,10050777,"2,971.51",MDH003 - สามแยก ธกส.มุกดาหาร
1000320006972-0000,10050763,"2,971.51",PTE034 - ธัญบุรี คลอง7
1000320006973-0000,10050763,"2,971.51",PTE034 - ธัญบุรี คลอง7
1000320006974-0000,10050776,"2,971.51",YST007 - เมืองยโสธร
1000320006975-0000,10050777,"2,971.51",MDH003 - สามแยก ธกส.มุกดาหาร
1000320006976-0000,10050763,"2,971.51",PTE034 - ธัญบุรี คลอง7
1000320006977-0000,10050763,"2,971.51",PTE034 - ธัญบุรี คลอง7
1000320006978-0000,10050781,"2,971.51",UDN014 - ถนนทหาร
1000320006979-0000,10050729,"2,971.52",CCO019 - หน้านิคมเกตเวย์
1000320006980-0000,10050781,"2,971.51",UDN014 - ถนนทหาร
1000320006981-0000,10050782,"2,971.51",KSN010 - คำม่วง
1000320006982-0000,10050783,"2,971.51",CPM012 - บ้านเพชร
1000320006983-0000,10050781,"2,971.51",UDN014 - ถนนทหาร
1000320006984-0000,10050784,"2,971.52",SPK034 - คลองสวน
1000320006985-0000,10050781,"2,971.51",UDN014 - ถนนทหาร
1000320006986-0000,10050784,"2,971.52",SPK034 - คลองสวน
1000320006987-0000,10050757,"2,971.51",UBN024 - สว่างวีระวงศ์
1000320006988-0000,10050783,"2,971.51",CPM012 - บ้านเพชร
1000320006989-0000,10050784,"2,971.52",SPK034 - คลองสวน
1000320006990-0000,10050782,"2,971.51",KSN010 - คำม่วง
1000320006991-0000,10050782,"2,971.51",KSN010 - คำม่วง
1000320006992-0000,10050781,"2,971.51",UDN014 - ถนนทหาร
1000320006993-0000,10050783,"2,971.51",CPM012 - บ้านเพชร
1000320006994-0000,10050784,"2,971.52",SPK034 - คลองสวน
1000320006995-0000,10050784,"2,971.52",SPK034 - คลองสวน
1000320006996-0000,10050783,"2,971.51",CPM012 - บ้านเพชร
1000320006997-0000,10050783,"2,971.52",CPM012 - บ้านเพชร
1000320006998-0000,10050782,"2,971.52",KSN010 - คำม่วง
1000320006999-0000,10050786,"2,971.52",UBN027 - ถนนชยางกูร (ม่วงสามสิบ)
1000320007000-0000,10050780,"2,971.52",NKI001 - เมืองหนองคาย
1000320007001-0000,10050780,"2,971.52",NKI001 - เมืองหนองคาย
1000320007002-0000,10050769,"2,971.52",MKM018 - ถนนบรบือ-วาปีปทุม
1000320007003-0000,10050786,"2,971.52",UBN027 - ถนนชยางกูร (ม่วงสามสิบ)
1000320007004-0000,10050787,"2,971.52",RYG033 - สี่แยกวังตาผิน
1000320007005-0000,10050780,"2,971.52",NKI001 - เมืองหนองคาย
1000320007006-0000,10050780,"2,971.52",NKI001 - เมืองหนองคาย
1000320007007-0000,10050769,"2,971.52",MKM018 - ถนนบรบือ-วาปีปทุม
1000320007008-0000,10050769,"2,971.52",MKM018 - ถนนบรบือ-วาปีปทุม
1000320007009-0000,10050769,"2,971.52",MKM018 - ถนนบรบือ-วาปีปทุม
1000320007010-0000,10050780,"2,971.52",NKI001 - เมืองหนองคาย
1000320007011-0000,10050769,"2,971.52",MKM018 - ถนนบรบือ-วาปีปทุม
1000320007012-0000,10050782,"2,971.52",KSN010 - คำม่วง
1000320007013-0000,10050786,"2,971.52",UBN027 - ถนนชยางกูร (ม่วงสามสิบ)
1000320007014-0000,10050786,"2,971.52",UBN027 - ถนนชยางกูร (ม่วงสามสิบ)
1000320007015-0000,10050787,"2,971.52",RYG033 - สี่แยกวังตาผิน
1000320007016-0000,10050786,"2,971.52",UBN027 - ถนนชยางกูร (ม่วงสามสิบ)
1000320007017-0000,10050787,"2,971.52",RYG033 - สี่แยกวังตาผิน
1000320007018-0000,10050750,"2,971.52",BKK073 - สรงประภา
1000320007019-0000,10050750,"2,971.52",BKK073 - สรงประภา
1000320007020-0000,10050750,"2,971.52",BKK073 - สรงประภา
1000320007021-0000,10050762,"2,971.52",SKN027 - ตลาดวาสนา
1000320007022-0000,10050762,"2,971.52",SKN027 - ตลาดวาสนา
1000320007023-0000,10050761,"2,971.52",SKN028 - ถนนเศรษฐกิจ 1
1000320007024-0000,10050750,"2,971.52",BKK073 - สรงประภา
1000320007025-0000,10050761,"2,971.52",SKN028 - ถนนเศรษฐกิจ 1
1000320007026-0000,10050755,"2,971.52",YST005 - ป่าติ้ว
1000320007027-0000,10050762,"2,971.52",SKN027 - ตลาดวาสนา
1000320007028-0000,10050761,"2,971.52",SKN028 - ถนนเศรษฐกิจ 1
1000320007029-0000,10050761,"2,971.52",SKN028 - ถนนเศรษฐกิจ 1
1000320007030-0000,10050755,"2,971.52",YST005 - ป่าติ้ว
1000320007031-0000,10050755,"2,971.52",YST005 - ป่าติ้ว
1000320007032-0000,10050762,"2,971.52",SKN027 - ตลาดวาสนา
1000320007033-0000,10050762,"2,971.52",SKN027 - ตลาดวาสนา
1000320007034-0000,10050750,"2,971.52",BKK073 - สรงประภา
1000320007035-0000,10050755,"2,971.52",YST005 - ป่าติ้ว
1000320007036-0000,10050755,"2,971.52",YST005 - ป่าติ้ว
1000320007037-0000,10050745,"2,971.52",NPT018 - ท่าพูด
1000320007038-0000,10050752,"2,971.52",UDN012 - บ้านดุง
1000320007039-0000,10050765,"2,971.52",KSN009 - หนองกุงศรี
1000320007040-0000,10050741,"2,971.52",PTE033 - ชุมชนเปียร์นนท์
1000320007041-0000,10050752,"2,971.52",UDN012 - บ้านดุง
1000320007042-0000,10050752,"2,971.52",UDN012 - บ้านดุง
1000320007043-0000,10050741,"2,971.52",PTE033 - ชุมชนเปียร์นนท์
1000320007044-0000,10050752,"2,971.52",UDN012 - บ้านดุง
1000320007045-0000,10050752,"2,971.52",UDN012 - บ้านดุง
1000320007046-0000,10050744,"2,971.52",NSN014 - ตลาดศรีนคร
1000320007047-0000,10050744,"2,971.52",NSN014 - ตลาดศรีนคร
1000320007048-0000,10050744,"2,971.52",NSN014 - ตลาดศรีนคร
1000320007049-0000,10050744,"2,971.52",NSN014 - ตลาดศรีนคร
1000320007050-0000,10050744,"2,971.52",NSN014 - ตลาดศรีนคร
1000320007051-0000,10050765,"2,971.52",KSN009 - หนองกุงศรี
1000320007052-0000,10050748,"2,971.52",SKN025 - ถนนพุทธสาคร สาย4
1000320007053-0000,10050748,"2,971.52",SKN025 - ถนนพุทธสาคร สาย4
1000320007054-0000,10050741,"2,971.51",PTE033 - ชุมชนเปียร์นนท์
1000320007055-0000,10050748,"2,971.51",SKN025 - ถนนพุทธสาคร สาย4
1000320007056-0000,10050748,"2,971.51",SKN025 - ถนนพุทธสาคร สาย4
1000320007057-0000,10050748,"2,971.51",SKN025 - ถนนพุทธสาคร สาย4
1000320007058-0000,10050768,"2,971.51",CBI098 - ตลาดกุลศรี
1000320007059-0000,10050774,"2,971.51",NPT021 - วัดไร่ขิง
1000320007060-0000,10050768,"2,971.51",CBI098 - ตลาดกุลศรี
1000320007061-0000,10050774,"2,971.51",NPT021 - วัดไร่ขิง
1000320007062-0000,10050771,"2,971.51",YST006 - คำเขื่อนแก้ว
1000320007063-0000,10050760,"2,971.51",CTI005 - พลับพลา
1000320007064-0000,10050771,"2,971.51",YST006 - คำเขื่อนแก้ว
1000320007065-0000,10050760,"2,971.51",CTI005 - พลับพลา
1000320007066-0000,10050760,"2,971.51",CTI005 - พลับพลา
1000320007067-0000,10050768,"2,971.51",CBI098 - ตลาดกุลศรี
1000320007068-0000,10050774,"2,971.51",NPT021 - วัดไร่ขิง
1000320007069-0000,10050768,"2,971.51",CBI098 - ตลาดกุลศรี
1000320007070-0000,10050760,"2,971.51",CTI005 - พลับพลา
1000320007071-0000,10050771,"2,971.51",YST006 - คำเขื่อนแก้ว
1000320007072-0000,10050771,"2,971.51",YST006 - คำเขื่อนแก้ว
1000320007073-0000,10050771,"2,971.51",YST006 - คำเขื่อนแก้ว
1000320007074-0000,10050774,"2,971.51",NPT021 - วัดไร่ขิง
1000320007075-0000,10050768,"2,971.51",CBI098 - ตลาดกุลศรี
1000320007076-0000,10050774,"2,971.51",NPT021 - วัดไร่ขิง
1000320007077-0000,10050777,"2,971.51",MDH003 - สามแยก ธกส.มุกดาหาร
1000320007078-0000,10050742,"2,971.51",UDN011 - หนองหาน
1000320007079-0000,10050742,"2,971.51",UDN011 - หนองหาน
1000320007080-0000,10050742,"2,971.51",UDN011 - หนองหาน
1000320007081-0000,10050747,"2,971.51",SKN024 - โพธิ์แจ้
1000320007082-0000,10050746,"2,971.51",BKK072 - ถนนเฉลิมพระเกียรติ ร.9
1000320007083-0000,10050747,"2,971.51",SKN024 - โพธิ์แจ้
1000320007084-0000,10050746,"2,971.51",BKK072 - ถนนเฉลิมพระเกียรติ ร.9
1000320007085-0000,10050746,"2,971.51",BKK072 - ถนนเฉลิมพระเกียรติ ร.9
1000320007086-0000,10050747,"2,971.51",SKN024 - โพธิ์แจ้
1000320007087-0000,10050747,"2,971.51",SKN024 - โพธิ์แจ้
1000320007088-0000,10050742,"2,971.51",UDN011 - หนองหาน
1000320007089-0000,10050746,"2,971.51",BKK072 - ถนนเฉลิมพระเกียรติ ร.9
1000320007090-0000,10050746,"2,971.51",BKK072 - ถนนเฉลิมพระเกียรติ ร.9
1000320007091-0000,10050585,"2,971.51",RET010 - สาเกตุนคร
1000320007092-0000,10050737,"2,971.51",KKN037 - สี่แยกบ้านเกิ้ง
1000320007093-0000,10050753,"2,971.51",RYG031 - บ้านใต้สุน
1000320007094-0000,10050753,"2,971.51",RYG031 - บ้านใต้สุน
1000320007095-0000,10050753,"2,971.51",RYG031 - บ้านใต้สุน
1000320007096-0000,10050753,"2,971.51",RYG031 - บ้านใต้สุน
1000320007097-0000,10050753,"2,971.51",RYG031 - บ้านใต้สุน
1000320007098-0000,10050737,"2,971.51",KKN037 - สี่แยกบ้านเกิ้ง
1000320007099-0000,10050737,"2,971.51",KKN037 - สี่แยกบ้านเกิ้ง
1000320007100-0000,10050751,"2,971.51",RBR011 - ดำเนินสะดวก
1000320007101-0000,10050751,"2,971.51",RBR011 - ดำเนินสะดวก
1000320007102-0000,10050751,"2,971.51",RBR011 - ดำเนินสะดวก
1000320007103-0000,10050751,"2,971.51",RBR011 - ดำเนินสะดวก
1000320007104-0000,10050751,"2,971.51",RBR011 - ดำเนินสะดวก
1000320007105-0000,10050585,"2,971.51",RET010 - สาเกตุนคร
1000320007106-0000,10050585,"2,971.51",RET010 - สาเกตุนคร
1000320007107-0000,10050737,"2,971.51",KKN037 - สี่แยกบ้านเกิ้ง
1000320007108-0000,10050737,"2,971.51",KKN037 - สี่แยกบ้านเกิ้ง
1000320007109-0000,10050741,"2,971.51",PTE033 - ชุมชนเปียร์นนท์
1000320007110-0000,10050741,"2,971.51",PTE033 - ชุมชนเปียร์นนท์
1000320007111-0000,10050747,"2,971.51",SKN024 - โพธิ์แจ้
1000320007112-0000,10050347,"2,971.51",CBI038 - ศุขประยูร
1000320007113-0000,10050347,"2,971.51",CBI038 - ศุขประยูร
1000320007114-0000,10050754,"2,971.51",RYG032 - กระเฉด
1000320007115-0000,10050718,"2,971.51",BKK071 - ถนนพระยาสุเรนทร์
1000320007116-0000,10050718,"2,971.51",BKK071 - ถนนพระยาสุเรนทร์
1000320007117-0000,10050754,"2,971.51",RYG032 - กระเฉด
1000320007118-0000,10050718,"2,971.51",BKK071 - ถนนพระยาสุเรนทร์
1000320007119-0000,10050716,"2,971.51",UBN023 - หน้า ม.อุบลราชธานี
1000320007120-0000,10050716,"2,971.51",UBN023 - หน้า ม.อุบลราชธานี
1000320007121-0000,10050718,"2,971.51",BKK071 - ถนนพระยาสุเรนทร์
1000320007122-0000,10050716,"2,971.51",UBN023 - หน้า ม.อุบลราชธานี
1000320007123-0000,10050754,"2,971.51",RYG032 - กระเฉด
1000320007124-0000,10050754,"2,971.51",RYG032 - กระเฉด
1000320007125-0000,10050718,"2,971.51",BKK071 - ถนนพระยาสุเรนทร์
1000320007126-0000,10050347,"2,971.51",CBI038 - ศุขประยูร
1000320007127-0000,10050347,"2,971.51",CBI038 - ศุขประยูร
1000320007128-0000,10050754,"2,971.51",RYG032 - กระเฉด
1000320007129-0000,10050716,"2,971.51",UBN023 - หน้า ม.อุบลราชธานี
1000320007130-0000,10050716,"2,971.51",UBN023 - หน้า ม.อุบลราชธานี
1000320007131-0000,10050756,"2,971.51",CBI096 - หนองแขวะ
1000320007132-0000,10050766,"2,971.51",RYG029 - ตลาดป่ามะพร้าว
1000320007133-0000,10050764,"2,971.51",SKN026 - บางหญ้าแพรก
1000320007134-0000,10050756,"2,971.51",CBI096 - หนองแขวะ
1000320007135-0000,10050745,"2,971.51",NPT018 - ท่าพูด
1000320007136-0000,10050766,"2,971.51",RYG029 - ตลาดป่ามะพร้าว
1000320007137-0000,10050766,"2,971.51",RYG029 - ตลาดป่ามะพร้าว
1000320007138-0000,10050745,"2,971.51",NPT018 - ท่าพูด
1000320007139-0000,10050756,"2,971.51",CBI096 - หนองแขวะ
1000320007140-0000,10050764,"2,971.51",SKN026 - บางหญ้าแพรก
1000320007141-0000,10050764,"2,971.51",SKN026 - บางหญ้าแพรก
1000320007142-0000,10050756,"2,971.51",CBI096 - หนองแขวะ
1000320007143-0000,10050764,"2,971.51",SKN026 - บางหญ้าแพรก
1000320007144-0000,10050756,"2,971.51",CBI096 - หนองแขวะ
1000320007145-0000,10050745,"2,971.51",NPT018 - ท่าพูด
1000320007146-0000,10050371,"2,971.51",MKM010 - นาดูน
1000320007147-0000,10050745,"2,971.51",NPT018 - ท่าพูด
1000320007148-0000,10050764,"2,971.51",SKN026 - บางหญ้าแพรก
1000320007149-0000,10050464,"2,971.51",CCO017 - สนามชัยเขต
1000320007150-0000,10050106,"2,971.78",BKK021 - หมู่บ้านนันทวัน5
1000320007381-0000,10050790,"3,316.04",BKK075 - ไทยรามัญ (หทัยราษฎร์)
1000320007382-0000,10050790,"3,316.04",BKK075 - ไทยรามัญ (หทัยราษฎร์)
1000320007383-0000,10050744,"3,316.04",NSN014 - ตลาดศรีนคร
1000320007384-0000,10050790,"3,316.04",BKK075 - ไทยรามัญ (หทัยราษฎร์)
1000320007385-0000,10050788,"3,316.04",SSK012 - หนองหญ้าลาด
1000320007386-0000,10050770,"3,316.04",MKM019 - ชื่นชม
1000320007387-0000,10050790,"3,316.04",BKK075 - ไทยรามัญ (หทัยราษฎร์)
1000320007388-0000,10050787,"3,316.04",RYG033 - สี่แยกวังตาผิน
1000320007389-0000,10050788,"3,316.04",SSK012 - หนองหญ้าลาด
1000320007390-0000,10050788,"3,316.04",SSK012 - หนองหญ้าลาด
1000320007391-0000,10050770,"3,316.04",MKM019 - ชื่นชม
1000320007392-0000,10050744,"3,316.04",NSN014 - ตลาดศรีนคร
1000320007393-0000,10050790,"3,316.04",BKK075 - ไทยรามัญ (หทัยราษฎร์)
1000320007394-0000,10050787,"3,316.04",RYG033 - สี่แยกวังตาผิน
1000320007395-0000,10050770,"3,316.04",MKM019 - ชื่นชม
1000320007396-0000,10050788,"3,316.04",SSK012 - หนองหญ้าลาด
1000320007397-0000,10050770,"3,316.04",MKM019 - ชื่นชม
1000320007398-0000,10050744,"3,316.04",NSN014 - ตลาดศรีนคร
1000320007399-0000,10050770,"3,316.04",MKM019 - ชื่นชม
1000320007400-0000,10050788,"3,316.04",SSK012 - หนองหญ้าลาด
1000320007401-0000,10050800,"3,316.04",BRM021 - ดูโฮมบุรีรัมย์
1000320007402-0000,10050800,"3,316.04",BRM021 - ดูโฮมบุรีรัมย์
1000320007404-0000,#N/A,"3,316.04",UDN018 - 
1000320007405-0000,#N/A,"3,316.04",UDN018 - 
1000320007406-0000,10050800,"3,316.04",BRM021 - ดูโฮมบุรีรัมย์
1000320007407-0000,#N/A,"3,316.04",UDN018 - 
1000320007410-0000,10050807,"3,316.04",RYG037 - กรอกยายชา
1000320007411-0000,10050802,"3,316.04",NKI002 - โพนพิสัย
1000320007412-0000,10050802,"3,316.04",NKI002 - โพนพิสัย
1000320007413-0000,10050575,"3,316.04",SPB013 - ด่านช้าง
1000320007414-0000,10050802,"3,316.04",NKI002 - โพนพิสัย
1000320007415-0000,10050569,"3,316.04",UBN021 - นาเยีย
1000320007416-0000,10050640,"3,316.04",KSN007 - สมเด็จ
1000320007417-0000,10050802,"3,316.04",NKI002 - โพนพิสัย
1000320007418-0000,10050802,"3,316.04",NKI002 - โพนพิสัย
1000320007419-0000,#N/A,"3,316.04",UDN018 - 
1000320007420-0000,#N/A,"3,316.04",UDN018 - 
1000320007421-0000,10050799,"3,316.04",NMA083 - พิมายเมืองใหม่
1000320007422-0000,10050799,"3,316.04",NMA083 - พิมายเมืองใหม่
1000320007423-0000,10050799,"3,316.04",NMA083 - พิมายเมืองใหม่
1000320007424-0000,10050499,"3,316.04",PCT003 - ถนนสระหลวง
1000320007425-0000,10050801,"3,316.04",UDN015 - ศรีสุทโธ
1000320007426-0000,10050801,"3,316.04",UDN015 - ศรีสุทโธ
1000320007427-0000,10050795,"3,316.04",SPK037 - แพรกษา 2
1000320007428-0000,10050103,"3,316.04",BKK020 - ซอยนิคมอุตสาหกรรม
1000320007429-0000,10050630,"3,316.04",UDN006 - นาดี
1000320007430-0000,10050630,"3,316.04",UDN006 - นาดี
1000320007431-0000,10050801,"3,316.05",UDN015 - ศรีสุทโธ
1000320007432-0000,10050799,"3,316.05",NMA083 - พิมายเมืองใหม่
1000320007433-0000,10050801,"3,316.05",UDN015 - ศรีสุทโธ
1000320007434-0000,10050801,"3,316.05",UDN015 - ศรีสุทโธ
1000320007435-0000,10050630,"3,316.05",UDN006 - นาดี
1000320007436-0000,10050630,"3,316.05",UDN006 - นาดี
1000320007437-0000,10050571,"3,316.05",SRN011 - หน้ารพ.รัตนบุรี
1000320007438-0000,10050795,"3,316.05",SPK037 - แพรกษา 2
1000320007439-0000,10050799,"3,316.05",NMA083 - พิมายเมืองใหม่
1000320007440-0000,10050619,"3,316.05",CBI063 - เทพประสิทธิ์
1000320007441-0000,10050785,"3,316.05",RYG035 - แยกซีเคพลาซ่า
1000320007442-0000,10050767,"3,316.05",RYG034 - ตลาดเปี่ยมลาภ
1000320007443-0000,10050789,"3,316.05",BKK074 - ตลาดมีนบุรี
1000320007444-0000,10050789,"3,316.05",BKK074 - ตลาดมีนบุรี
1000320007445-0000,10050785,"3,316.05",RYG035 - แยกซีเคพลาซ่า
1000320007446-0000,10050785,"3,316.05",RYG035 - แยกซีเคพลาซ่า
1000320007447-0000,10050785,"3,316.05",RYG035 - แยกซีเคพลาซ่า
1000320007448-0000,10050785,"3,316.05",RYG035 - แยกซีเคพลาซ่า
1000320007449-0000,10050792,"3,316.05",PTE035 - เอื้ออาทรเสมาฟ้าคราม
1000320007450-0000,10050789,"3,316.05",BKK074 - ตลาดมีนบุรี
1000320007451-0000,10050789,"3,316.05",BKK074 - ตลาดมีนบุรี
1000320007452-0000,10050789,"3,316.05",BKK074 - ตลาดมีนบุรี
1000320007453-0000,10050767,"3,316.05",RYG034 - ตลาดเปี่ยมลาภ
1000320007454-0000,10050767,"3,316.05",RYG034 - ตลาดเปี่ยมลาภ
1000320007455-0000,10050767,"3,316.05",RYG034 - ตลาดเปี่ยมลาภ
1000320007456-0000,10050767,"3,316.05",RYG034 - ตลาดเปี่ยมลาภ
1000320007457-0000,10050791,"3,316.05",UBN028 - เขื่องใน
1000320007458-0000,10050791,"3,316.05",UBN028 - เขื่องใน
1000320007459-0000,10050791,"3,316.05",UBN028 - เขื่องใน
1000320007460-0000,10050791,"3,316.05",UBN028 - เขื่องใน
1000320007461-0000,10050778,"3,316.05",SNK001 - หน้าศูนย์ราชการสกลนคร
1000320007462-0000,10050778,"3,316.05",SNK001 - หน้าศูนย์ราชการสกลนคร
1000320007463-0000,10050739,"3,316.05",RYG021 - บ้านค่าย
1000320007464-0000,10050791,"3,316.05",UBN028 - เขื่องใน
1000320007465-0000,10050778,"3,316.05",SNK001 - หน้าศูนย์ราชการสกลนคร
1000320007466-0000,10050778,"3,316.05",SNK001 - หน้าศูนย์ราชการสกลนคร
1000320007467-0000,10050739,"3,316.05",RYG021 - บ้านค่าย
1000320007468-0000,10050739,"3,316.05",RYG021 - บ้านค่าย
1000320007469-0000,10050424,"3,316.05",RYG005 - เกาะกลอย
1000320007470-0000,10050739,"3,316.05",RYG021 - บ้านค่าย
1000320007471-0000,10050739,"3,316.05",RYG021 - บ้านค่าย
1000320007472-0000,10050424,"3,316.05",RYG005 - เกาะกลอย
1000320007473-0000,10050424,"3,316.05",RYG005 - เกาะกลอย
1000320007474-0000,10050424,"3,316.05",RYG005 - เกาะกลอย
1000320007475-0000,10050778,"3,316.05",SNK001 - หน้าศูนย์ราชการสกลนคร
1000320007476-0000,10050775,"3,316.05",CBI097 - หนองขาม
1000320007477-0000,10050775,"3,316.05",CBI097 - หนองขาม
1000320007478-0000,10050775,"3,316.05",CBI097 - หนองขาม
1000320007479-0000,10050775,"3,316.05",CBI097 - หนองขาม
1000320007480-0000,10050775,"3,316.05",CBI097 - หนองขาม
1000320007481-0000,10050806,"3,319.80",RYG036 - ทับมา
1000320007482-0000,10050806,"3,319.80",RYG036 - ทับมา
1000320007483-0000,10050806,"3,319.80",RYG036 - ทับมา
1000320007484-0000,10050806,"3,319.80",RYG036 - ทับมา
1000320007485-0000,10050806,"3,319.80",RYG036 - ทับมา
1000320007487-0000,10050804,"3,319.80",LEI003 - ร่วมใจ
1000320007488-0000,10050085,"3,319.80",CCO003 - มหาจักรพรรดิ์
1000320007490-0000,10050807,"3,319.80",RYG037 - กรอกยายชา
1000320007491-0000,10050804,"3,319.80",LEI003 - ร่วมใจ
1000320007492-0000,10050804,"3,319.80",LEI003 - ร่วมใจ
1000320007493-0000,10050804,"3,319.80",LEI003 - ร่วมใจ
1000320007494-0000,10050807,"3,319.80",RYG037 - กรอกยายชา
1000320007495-0000,10050804,"3,319.80",LEI003 - ร่วมใจ
1000320007496-0000,10050807,"3,319.80",RYG037 - กรอกยายชา
1000320007497-0000,10020000,"3,319.80",HO - NTB-Head Office
1000320007498-0000,10050794,"3,319.80",PRI010 - ศรีมหาโพธิ
1000320007499-0000,10050795,"3,319.80",SPK037 - แพรกษา 2
1000320007500-0000,10050795,"3,319.80",SPK037 - แพรกษา 2
1000320007501-0000,10050793,"3,319.80",NYK003 - แยกวัดอุดม
1000320007502-0000,10050793,"3,319.80",NYK003 - แยกวัดอุดม
1000320007504-0000,10050794,"3,319.80",PRI010 - ศรีมหาโพธิ
1000320007505-0000,10050793,"3,319.80",NYK003 - แยกวัดอุดม
1000320007506-0000,10050794,"3,319.80",PRI010 - ศรีมหาโพธิ
1000320007507-0000,10050793,"3,319.80",NYK003 - แยกวัดอุดม
1000320007509-0000,10050807,"3,319.80",RYG037 - กรอกยายชา
1000320007510-0000,10050793,"3,319.80",NYK003 - แยกวัดอุดม
1000320007511-0000,10050794,"3,319.80",PRI010 - ศรีมหาโพธิ
1000320007513-0000,10050794,"3,319.80",PRI010 - ศรีมหาโพธิ
1000320007514-0000,10050424,"3,319.80",RYG005 - เกาะกลอย
1000320007515-0000,10050649,"3,319.80",CBI076 - พัทยาสาย 3
1000320007516-0000,10050228,"3,319.80",BRM007 - สามแยกโคกวัด
1000320007347-0000,10050777,"4,392.23",MDH003 - สามแยก ธกส.มุกดาหาร
1000320007348-0000,10050776,"4,392.23",YST007 - เมืองยโสธร
1000320007349-0000,10050763,"4,392.23",PTE034 - ธัญบุรี คลอง7
1000320007350-0000,10050770,"4,392.23",MKM019 - ชื่นชม
1000320007351-0000,10050788,"4,392.23",SSK012 - หนองหญ้าลาด
1000320007352-0000,10050781,"4,392.23",UDN014 - ถนนทหาร
1000320007353-0000,10050792,"4,392.23",PTE035 - เอื้ออาทรเสมาฟ้าคราม
1000320007354-0000,10050109,"4,392.23",SRI019 - หนองโดน
1000320007355-0000,10050786,"4,392.23",UBN027 - ถนนชยางกูร (ม่วงสามสิบ)
1000320007356-0000,10050791,"4,392.23",UBN028 - เขื่องใน
1000320007357-0000,10050780,"4,392.23",NKI001 - เมืองหนองคาย
1000320007358-0000,10050769,"4,392.23",MKM018 - ถนนบรบือ-วาปีปทุม
1000320007359-0000,10050782,"4,392.23",KSN010 - คำม่วง
1000320007361-0000,10050336,"4,392.23",BKK054 - ท่าข้าม ซอย 7
1000320007363-0000,10050739,"4,392.23",RYG021 - บ้านค่าย
1000320007364-0000,10050228,"4,101.07",BRM007 - สามแยกโคกวัด
1000320007365-0000,10050789,"4,392.23",BKK074 - ตลาดมีนบุรี
1000320007366-0000,10050790,"4,392.23",BKK075 - ไทยรามัญ (หทัยราษฎร์)
1000320007367-0000,10050778,"4,392.23",SNK001 - หน้าศูนย์ราชการสกลนคร
1000320007368-0000,10050783,"4,392.23",CPM012 - บ้านเพชร
1000320007369-0000,10050784,"4,101.07",SPK034 - คลองสวน
1000320007370-0000,10050424,"4,392.23",RYG005 - เกาะกลอย
1000320007371-0000,10050787,"4,392.22",RYG033 - สี่แยกวังตาผิน
1000320007372-0000,10050775,"4,392.22",CBI097 - หนองขาม
1000320007373-0000,10050779,"4,392.22",MDH004 - หน้าตลาดอินโดจีน
1000320007374-0000,10050327,"4,392.22",PTE025 - พรธิสาร 3 คลอง 6
1000320007375-0000,10050234,"4,392.22",CPM003 - หนองปลาเฒ่า
1000320007376-0000,10050793,"4,392.22",NYK003 - แยกวัดอุดม
1000320007377-0000,10050767,"4,392.22",RYG034 - ตลาดเปี่ยมลาภ
1000320007378-0000,10050794,"4,392.22",PRI010 - ศรีมหาโพธิ
1000320007380-0000,10050785,"4,392.22",RYG035 - แยกซีเคพลาซ่า
1000320007557-0000,10050798,"3,340.86",YST008 - ถนนวิทยะธำรงค์
1000320007558-0000,10050180,"3,340.86",KKN004 - ตลาดคำไฮ
1000320007559-0000,10050796,"3,340.86",NSN015 - ดรีมแลนด์
1000320007560-0000,10050180,"3,340.86",KKN004 - ตลาดคำไฮ
1000320007561-0000,10050796,"3,340.86",NSN015 - ดรีมแลนด์
1000320007562-0000,10050796,"3,340.86",NSN015 - ดรีมแลนด์
1000320007563-0000,10050796,"3,340.86",NSN015 - ดรีมแลนด์
1000320007564-0000,10050797,"3,340.86",PTE036 - หน้าเมืองเอก
1000320007565-0000,10050180,"3,340.86",KKN004 - ตลาดคำไฮ
1000320007566-0000,10050180,"3,340.86",KKN004 - ตลาดคำไฮ
1000320007567-0000,10050797,"3,340.86",PTE036 - หน้าเมืองเอก
1000320007568-0000,10050797,"3,340.86",PTE036 - หน้าเมืองเอก
1000320007569-0000,10050795,"3,340.86",SPK037 - แพรกษา 2
1000320007570-0000,10050796,"3,340.86",NSN015 - ดรีมแลนด์
1000320007571-0000,10050797,"3,340.87",PTE036 - หน้าเมืองเอก
1000320007572-0000,10050797,"3,340.87",PTE036 - หน้าเมืองเอก
1000320007573-0000,10050798,"3,340.92",YST008 - ถนนวิทยะธำรงค์
1000320007574-0000,10050798,"3,340.92",YST008 - ถนนวิทยะธำรงค์
1000320007575-0000,10050798,"3,340.92",YST008 - ถนนวิทยะธำรงค์
1000320007576-0000,10050798,"3,340.92",YST008 - ถนนวิทยะธำรงค์
1000320007615-0000,10050551,"3,307.42",LRI010 - วงเวียนสระแก้ว
1000320007616-0000,10050750,"3,307.42",BKK073 - สรงประภา
1000320007617-0000,10050339,"3,307.41",BKK051 - ตลาดนัดจ่าศาล ราษฎร์พัฒนา
1000320007619-0000,10050756,"3,307.41",CBI096 - หนองแขวะ
1000320007697-0000,10050807,"4,164.71",RYG037 - กรอกยายชา
1000320007699-0000,10050802,"4,164.71",NKI002 - โพนพิสัย
1000320007702-0000,10050339,"4,164.71",BKK051 - ตลาดนัดจ่าศาล ราษฎร์พัฒนา
1000320007704-0000,10050795,"4,164.71",SPK037 - แพรกษา 2
1000320007705-0000,10050800,"4,164.71",BRM021 - ดูโฮมบุรีรัมย์
1000320007713-0000,#N/A,"4,164.71",UDN018 - 
1000320007715-0000,10050799,"4,164.72",NMA083 - พิมายเมืองใหม่
1000320007716-0000,10050805,"4,164.72",AYA025 - ปากกราน
1000320007717-0000,10050180,"4,164.72",KKN004 - ตลาดคำไฮ
1000320007718-0000,10050796,"4,164.72",NSN015 - ดรีมแลนด์
1000320007719-0000,10050804,"4,164.72",LEI003 - ร่วมใจ
1000320007720-0000,10050797,"4,164.72",PTE036 - หน้าเมืองเอก
1000320007721-0000,10050798,"4,164.72",YST008 - ถนนวิทยะธำรงค์
1000320007726-0000,10050801,"4,164.72",UDN015 - ศรีสุทโธ
1000320007727-0000,10050630,"4,164.72",UDN006 - นาดี
1000320007935-0000,10050806,"4,401.16",RYG036 - ทับมา
