Asset Tag,Status,Employee Id
1000320000518-0000,รับเข้า,1366
1000320000651-0000,รับเข้า,1366
1000320001451-0000,รับเข้า,1366
1000320002102-0000,รับเข้า,1366
1000320002106-0000,รับเข้า,1366
1000320004261-0000,ย้ายเข้า Stock,2139
1000320004349-0000,ย้ายเข้า Stock,2139
1000320004538-0000,ย้ายเข้า Stock,2139
1000320004582-0000,ย้ายเข้า Stock,2139
1000340002349-0000,รับเข้า,1063
1000340002339-0000,รับเข้า,1063
1000340003312-0000,รับเข้า,1063
1000320003875-0000,ย้ายเข้า Stock,2139
1000320000897-0000,รับเข้า,1063
1000320000110-0000,ย้ายเข้า Stock,2139
1000320000118-0000,ย้ายเข้า Stock,2139
1000340003704-0000,ย้ายเข้า Stock,2139
1000320000266-0000,ย้ายเข้า Stock,2139
1000320003274-0000,รับเข้า,1063
1000340000195-0000,ย้ายเข้า Stock,30000068
1000340003794-0000,ย้ายเข้า Stock,22
1000320003426-0000,ย้ายเข้า Stock,2139
1000320002180-0000,ย้ายเข้า Stock,2139
1000320002181-0000,ย้ายเข้า Stock,1366
1000320002193-0000,ย้ายเข้า Stock,1366
1000320002187-0000,ย้ายเข้า Stock,1366
1000320000062-0000,ย้ายเข้า Stock,1444
1000320004921-0000,ย้ายเข้า Stock,2139
1000320004710-0000,ย้ายเข้า Stock,2139
1000320002831-0000,ย้ายเข้า Stock,1063
1000340000212-0000,รับเข้า,1063
1000340000069-0000,รับเข้า,1063
1000340000021-0000,รับเข้า,1063
1000340000018-0000,รับเข้า,1063
1000340000022-0000,รับเข้า,1063
1000320000906-0000,ย้ายเข้า Stock,30000006
1000320000001-0000,รับเข้า,1366
1000320000004-0000,ย้ายเข้า Stock,1366
1000320000017-0000,ย้ายเข้า Stock,2139
1000320000036-0000,ย้ายเข้า Stock,2139
1000320000058-0000,ย้ายเข้า Stock,2139
1000320000060-0000,ย้ายเข้า Stock,2139
1000320000158-0000,ย้ายเข้า Stock,2139
1000320000351-0000,ย้ายเข้า Stock,2139
1000320000773-0000,ย้ายเข้า Stock,2139
1000340000027-0000,ย้ายเข้า Stock,2139
1000340000210-0000,ย้ายเข้า Stock,1366
1000340000223-0000,ย้ายเข้า Stock,2139
1000340000424-0000,ย้ายเข้า Stock,1366
1000340000488-0000,ย้ายเข้า Stock,2139
1000340000683-0000,ย้ายเข้า Stock,2139
1000340000691-0000,ย้ายเข้า Stock,2139
1000340000739-0000,ย้ายเข้า Stock,1366
1000340001119-0000,ย้ายเข้า Stock,2139
1000340001269-0000,ย้ายเข้า Stock,2139
1000340001292-0000,ย้ายเข้า Stock,2139
1000340001341-0000,ย้ายเข้า Stock,2139
1000340001362-0000,ย้ายเข้า Stock,2139
1000340001595-0000,ย้ายเข้า Stock,2139
1000340001718-0000,ย้ายเข้า Stock,2139
1000340001719-0000,ย้ายเข้า Stock,2139
1000340001721-0000,ย้ายเข้า Stock,2139
1000340002571-0000,ย้ายเข้า Stock,2139
1000340003171-0000,ย้ายเข้า Stock,2139
1000340003400-0000,ย้ายเข้า Stock,2139
1000320000005-0000,ย้ายเข้า Stock,2139
1000300000835-0000,ย้ายเข้า Stock,2139
1000300000837-0000,ย้ายเข้า Stock,2139
1000340003221-0000,ย้ายเข้า Stock,2139
1000340003291-0000,ย้ายเข้า Stock,2139
1000340002564-0000,รับเข้า,1366
1000340002113-0000,รับเข้า,1366
1000320000308-0000,รับเข้า,1366
1000320000307-0000,รับเข้า,1366
1000320000350-0000,รับเข้า,1366
1000320003919-0000,รับเข้า,1366
1000320003963-0000,รับเข้า,1366
1000320003962-0000,รับเข้า,1366
1000320000304-0000,ย้ายเข้า Stock,2139
1000320000303-0000,รับเข้า,1366
1000300000145-0000,รับเข้า,1366
1000300000135-0000,รับเข้า,1366
1000300000094-0000,รับเข้า,1366
1000340001039-0000,รับเข้า,1366
1000340001134-0000,รับเข้า,1366
1000340001026-0000,รับเข้า,1366
1000340001020-0000,รับเข้า,1366
1000340001147-0000,รับเข้า,1366
1000340001017-0000,รับเข้า,1366
1000340001034-0000,รับเข้า,1366
1000340001040-0000,รับเข้า,1366
1000340001025-0000,รับเข้า,1366
1000340001014-0000,รับเข้า,1366
1000340001005-0000,รับเข้า,1366
1000340001012-0000,รับเข้า,1366
1000340001001-0000,รับเข้า,1366
1000340001013-0000,รับเข้า,1366
1000340001136-0000,รับเข้า,1366
1000340001041-0000,รับเข้า,1366
1000340000998-0000,รับเข้า,1366
1000340001010-0000,รับเข้า,1366
1000320002609-0000,รับเข้า,1366
1000320000331-0000,ย้ายเข้า Stock,22
1000320000315-0000,ย้ายเข้า Stock,22
1000320000229-0000,ย้ายเข้า Stock,22
1000320000219-0000,ย้ายเข้า Stock,22
1000320000329-0000,ย้ายเข้า Stock,22
1000320000230-0000,ย้ายเข้า Stock,22
1000320000839-0000,ย้ายเข้า Stock,22
1000320000012-0000,ย้ายเข้า Stock,22
1000320000221-0000,ย้ายเข้า Stock,22
1000340001160-0000,รับเข้า,1366
1000340000416-0000,รับเข้า,1366
1000340000401-0000,รับเข้า,1366
1000340000122-0000,รับเข้า,1366
1000340001911-0000,รับเข้า,1366
1000340000616-0000,รับเข้า,1366
1000340000640-0000,รับเข้า,1366
1000340000290-0000,รับเข้า,1366
1000340000123-0000,รับเข้า,1366
1000340000121-0000,รับเข้า,1366
1000340000302-0000,รับเข้า,1366
1000340000224-0000,รับเข้า,1366
1000340000082-0000,รับเข้า,1366
1000340000149-0000,รับเข้า,1366
1000340000145-0000,รับเข้า,1366
1000340000112-0000,รับเข้า,1366
1000340000872-0000,รับเข้า,1366
1000340000003-0000,รับเข้า,1366
1000340001640-0000,ย้ายเข้า Stock,2139
1000300000151-0000,รับเข้า,1366
1000300000146-0000,รับเข้า,1366
1000300000141-0000,รับเข้า,1366
1000300000134-0000,รับเข้า,1366
1000300000155-0000,รับเข้า,1366
1000300000150-0000,รับเข้า,1366
1000300000158-0000,รับเข้า,1366
1000300000159-0000,รับเข้า,1366
1000300000161-0000,รับเข้า,1366
1000300000093-0000,ย้ายเข้า Stock,2139
1000340001910-0000,รับเข้า,1366
1000340000376-0000,รับเข้า,1366
1000340000397-0000,รับเข้า,1366
1000320000305-0000,รับเข้า,1366
1000320000270-0000,รับเข้า,1366
1000320000271-0000,รับเข้า,1366
1000340002185-0000,รับเข้า,1366
1000320000383-0000,รับเข้า,1366
1000340000130-0000,รับเข้า,1366
1000340001291-0000,รับเข้า,1366
1000340001908-0000,รับเข้า,1366
1000340000386-0000,รับเข้า,1366
1000340000418-0000,รับเข้า,1366
1000340000403-0000,รับเข้า,1366
1000340000119-0000,รับเข้า,1366
1000340000405-0000,รับเข้า,1366
1000340000323-0000,รับเข้า,1366
1000340001896-0000,รับเข้า,1366
1000340000427-0000,รับเข้า,1366
1000340000409-0000,รับเข้า,1366
1000340002565-0000,รับเข้า,1366
1000340000280-0000,รับเข้า,1366
1000340000392-0000,รับเข้า,1366
1000320002378-0000,รับเข้า,1366
1000320002421-0000,ย้ายเข้า Stock,2139
1000320002530-0000,ย้ายเข้า Stock,2139
1000320002010-0000,ย้ายเข้า Stock,2139
1000320002431-0000,ย้ายเข้า Stock,2139
1000340001248-0000,รับเข้า,1366
1000340000439-0000,รับเข้า,1366
1000320000018-0000,รับเข้า,1366
1000340000828-0000,รับเข้า,1366
1000340000647-0000,รับเข้า,1366
1000340000563-0000,รับเข้า,1366
1000320000006-0000,รับเข้า,1366
1000340000648-0000,รับเข้า,1366
1000340000134-0000,รับเข้า,1366
1000320003315-0000,ย้ายเข้า Stock,2139
1000320003381-0000,ย้ายเข้า Stock,2139
1000340004342-0000,ย้ายเข้า Stock,2139
1000340004335-0000,รับเข้า,875
1000340004343-0000,ย้ายเข้า Stock,2139
1000340004336-0000,รับเข้า,875
1000340004340-0000,รับเข้า,875
1000340004511-0000,ย้ายเข้า Stock,2139
1000320000833-0000,ย้ายเข้า Stock,22
1000320005204-0000,รับเข้า,1063
1000320005208-0000,ย้ายเข้า Stock,2139
1000320005211-0000,ย้ายเข้า Stock,2139
1000320005213-0000,รับเข้า,1063
1000340002572-0000,ย้ายเข้า Stock,2139
1000340001886-0000,รับเข้า,22
1000340000734-0000,รับเข้า,22
1000340000395-0000,รับเข้า,22
1000340000930-0000,รับเข้า,22
1000340000399-0000,รับเข้า,22
1000320005251-0000,ย้ายเข้า Stock,2139
1000340005150-0000,ย้ายเข้า Stock,2139
1000340005175-0000,ย้ายเข้า Stock,2139
1000340000316-0000,ย้ายเข้า Stock,2139
1000340000375-0000,ย้ายเข้า Stock,2139
1000340000133-0000,ย้ายเข้า Stock,2139
1000340000287-0000,ย้ายเข้า Stock,2139
1000340001368-0000,ย้ายเข้า Stock,2139
1000320005704-0000,รับเข้า,2139
1000320005705-0000,ย้ายเข้า Stock,2139
1000320005706-0000,รับเข้า,2139
1000320005707-0000,รับเข้า,2139
1000320005708-0000,รับเข้า,2139
1000320005710-0000,รับเข้า,2139
1000320005713-0000,รับเข้า,2139
1000320005714-0000,รับเข้า,2139
1000320005715-0000,รับเข้า,2139
1000320005716-0000,รับเข้า,2139
1000320005718-0000,รับเข้า,2139
1000340005309-0000,ย้ายเข้า Stock,2139
1000340001193-0000,ย้ายเข้า Stock,2139
1000320003340-0000,รับเข้า,2139
1000340004411-0000,ย้ายเข้า Stock,2139
1000340004420-0000,ย้ายเข้า Stock,2139
1000340005433-0000,รับเข้า,2139
1000340005441-0000,รับเข้า,2139
1000320002434-0000,ย้ายเข้า Stock,2139
1000320003530-0000,ย้ายเข้า Stock,2139
1000320001286-0000,รับเข้า,2139
1000320002464-0000,ย้ายเข้า Stock,2139
1000340005630-0000,รับเข้า,2139
1000340004194-0000,รับเข้า,2139
1000340000422-0000,รับเข้า,2139
1000340000440-0000,รับเข้า,2139
1000340000419-0000,รับเข้า,2139
1000340000382-0000,รับเข้า,2139
1000340002989-0000,รับเข้า,2139
1000340001161-0000,รับเข้า,2139
1000340001268-0000,รับเข้า,2139
1000320003912-0000,รับเข้า,2139
3CQ8051GJB,รับเข้า,2139
3CQ81738L7,รับเข้า,2139
1000320003097-0000,รับเข้า,2139
1000320003089-0000,รับเข้า,2139
1000320003090-0000,รับเข้า,2139
1000320002631-0000,รับเข้า,2139
1000340002569-0000,รับเข้า,2139
1000340002573-0000,รับเข้า,2139
1000340001267-0000,รับเข้า,2139
1000340000413-0000,รับเข้า,2139
1000340000400-0000,รับเข้า,2139
1000340000415-0000,รับเข้า,2139
1000340000332-0000,รับเข้า,2139
1000340000267-0000,รับเข้า,2139
1000340001096-0000,ย้ายเข้า Stock,2139
1000320002859-0000,รับเข้า,2139
1000340002000-0000,รับเข้า,2139
1000320000124-0000,ย้ายเข้า Stock,2139
1000320000859-0000,ย้ายเข้า Stock,2139
1000320003859-0000,รับเข้า,2139
1000340003302-0000,รับเข้า,2139
1000300001510-0000,รับเข้า,2139
1000340000231-0000,รับเข้า,2139
1000340000135-0000,รับเข้า,2139
1000340000383-0000,รับเข้า,2139
1000340001018-0000,รับเข้า,2139
1000340001030-0000,รับเข้า,2139
1000340001008-0000,รับเข้า,2139
1000340001137-0000,รับเข้า,2139
1000300000122-0000,รับเข้า,2139
1000340001002-0000,รับเข้า,2139
1000340001029-0000,รับเข้า,2139
1000340001032-0000,รับเข้า,2139
1000340001024-0000,รับเข้า,2139
1000340001302-0000,รับเข้า,2139
1000340001143-0000,รับเข้า,2139
1000340001019-0000,รับเข้า,2139
1000340001027-0000,รับเข้า,2139
1000340001023-0000,รับเข้า,2139
1000340001033-0000,รับเข้า,2139
1000340001016-0000,รับเข้า,2139
1000340001031-0000,รับเข้า,2139
1000340001028-0000,รับเข้า,2139
1000340001133-0000,รับเข้า,2139
1000340001138-0000,รับเข้า,2139
1000340001007-0000,รับเข้า,2139
1000340001022-0000,รับเข้า,2139
1000340001144-0000,รับเข้า,2139
1000340001006-0000,รับเข้า,2139
1000340001035-0000,รับเข้า,2139
1000340001021-0000,รับเข้า,2139
1000340001003-0000,รับเข้า,2139
1000340002634-0000,รับเข้า,2139
1000340002633-0000,รับเข้า,2139
1000340002603-0000,รับเข้า,2139
1000340001881-0000,รับเข้า,2139
1000340002632-0000,รับเข้า,2139
1000340002606-0000,รับเข้า,2139
1000300001902-0000,รับเข้า,2139
1000340001787-0000,รับเข้า,2139
1000340001943-0000,รับเข้า,2139
1000340002433-0000,รับเข้า,2139
1000340002434-0000,ย้ายเข้า Stock,2139
1000340002997-0000,ย้ายเข้า Stock,2139
1000340001942-0000,รับเข้า,2139
1000340002435-0000,รับเข้า,2139
1000340002604-0000,ย้ายเข้า Stock,2139
1000340004591-0000,รับเข้า,2139
1000320000143-0000,ย้ายเข้า Stock,2139
1000320000471-0000,รับเข้า,2139
1000320006593-0000,รับเข้า,2139
1000320003966-0000,รับเข้า,2139
1000340000070-0000,รับเข้า,2139
1000320001711-0000,ย้ายเข้า Stock,2139
1000320000111-0000,รับเข้า,2139
1000320000166-0000,รับเข้า,2139
1000320000220-0000,รับเข้า,2139
1000340000602-0000,รับเข้า,2139
1000340001186-0000,รับเข้า,2139
1000340001762-0000,รับเข้า,2139
1000320002167-0000,รับเข้า,2139
1000340000312-0000,รับเข้า,2139
1000300000131-0000,รับเข้า,2139
1000300000128-0000,รับเข้า,2139
1000300000127-0000,รับเข้า,2139
1000300000136-0000,รับเข้า,2139
1000300000132-0000,รับเข้า,2139
1000300000130-0000,รับเข้า,2139
1000340001346-0000,รับเข้า,2139
1000340000445-0000,รับเข้า,2139
1000340001740-0000,รับเข้า,2139
1000340000329-0000,รับเข้า,2139
1000340001739-0000,รับเข้า,2139
1000340001906-0000,รับเข้า,2139
1000340001469-0000,รับเข้า,2139
1000340002990-0000,รับเข้า,2139
1000340000447-0000,รับเข้า,2139
1000340000642-0000,รับเข้า,2139
1000340001366-0000,รับเข้า,2139
1000340001742-0000,รับเข้า,2139
1000340000407-0000,รับเข้า,2139
1000340001174-0000,ย้ายเข้า Stock,2139
1000320002861-0000,รับเข้า,2139
1000340000284-0000,รับเข้า,2139
1000340000429-0000,รับเข้า,2139
1000320003080-0000,รับเข้า,2139
1000320002915-0000,รับเข้า,2139
1000340001552-0000,รับเข้า,2139
1000320006749-0000,รับเข้า,2139
1000340006355-0000,รับเข้า,2139
1000340006356-0000,รับเข้า,2139
1000340006357-0000,รับเข้า,2139
1000340006358-0000,รับเข้า,2139
1000340006360-0000,รับเข้า,2139
1000340006361-0000,รับเข้า,2139
1000340006362-0000,รับเข้า,2139
1000340006363-0000,รับเข้า,2139
1000340006364-0000,รับเข้า,2139
1000340006365-0000,รับเข้า,2139
1000340006366-0000,รับเข้า,2139
1000340006367-0000,รับเข้า,2139
1000340006368-0000,รับเข้า,2139
1000340006369-0000,รับเข้า,2139
1000340006370-0000,รับเข้า,2139
1000340006371-0000,รับเข้า,2139
1000340006372-0000,รับเข้า,2139
1000340006373-0000,รับเข้า,2139
1000340006374-0000,รับเข้า,2139
1000340006375-0000,รับเข้า,2139
1000340006376-0000,รับเข้า,2139
1000340006377-0000,รับเข้า,2139
1000340006378-0000,รับเข้า,2139
1000340006379-0000,รับเข้า,2139
1000340006380-0000,รับเข้า,2139
1000340006381-0000,รับเข้า,2139
1000340006382-0000,รับเข้า,2139
1000340006383-0000,รับเข้า,2139
1000340006384-0000,รับเข้า,2139
1000340006385-0000,รับเข้า,2139
1000340006386-0000,รับเข้า,2139
1000340006387-0000,รับเข้า,2139
1000340006388-0000,รับเข้า,2139
1000340006389-0000,รับเข้า,2139
1000340006390-0000,รับเข้า,2139
1000340006391-0000,รับเข้า,2139
1000340006392-0000,รับเข้า,2139
1000340006393-0000,รับเข้า,2139
1000340006394-0000,รับเข้า,2139
1000340006398-0000,รับเข้า,2139
1000340006399-0000,รับเข้า,2139
1000320001876-0000,รับเข้า,2139
1000320003056-0000,รับเข้า,2139
1000320003487-0000,รับเข้า,2139
1000320002430-0000,รับเข้า,2139
1000320007221-0000,รับเข้า,2139
1000320007222-0000,รับเข้า,2139
1000320007223-0000,รับเข้า,2139
1000320007224-0000,รับเข้า,2139
1000320007225-0000,รับเข้า,2139
1000320007226-0000,รับเข้า,2139
1000320007227-0000,รับเข้า,2139
1000320007230-0000,รับเข้า,2139
1000320007231-0000,รับเข้า,2139
1000320007232-0000,รับเข้า,2139
1000320007233-0000,รับเข้า,2139
1000320007234-0000,รับเข้า,2139
1000320007235-0000,รับเข้า,2139
1000320007236-0000,รับเข้า,2139
1000320007237-0000,รับเข้า,2139
1000320007238-0000,รับเข้า,2139
1000320007239-0000,รับเข้า,2139
1000320007240-0000,รับเข้า,2139
1000320007242-0000,รับเข้า,2139
1000320007244-0000,รับเข้า,2139
1000320007248-0000,รับเข้า,2139
1000320007249-0000,รับเข้า,2139
1000320007250-0000,รับเข้า,2139
1000320007254-0000,รับเข้า,2139
1000320007255-0000,รับเข้า,2139
1000320007258-0000,รับเข้า,2139
1000320007259-0000,รับเข้า,2139
1000320007260-0000,รับเข้า,2139
1000320007263-0000,รับเข้า,2139
1000320007264-0000,รับเข้า,2139
1000320007265-0000,รับเข้า,2139
1000320007267-0000,รับเข้า,2139
1000320007268-0000,รับเข้า,2139
1000320007269-0000,รับเข้า,2139
1000320007270-0000,รับเข้า,2139
1000320007271-0000,รับเข้า,2139
1000320007272-0000,รับเข้า,2139
1000320007273-0000,รับเข้า,2139
1000320007274-0000,รับเข้า,2139
1000320007275-0000,รับเข้า,2139
1000320007276-0000,รับเข้า,2139
1000320007277-0000,รับเข้า,2139
1000320007278-0000,รับเข้า,2139
1000320007279-0000,รับเข้า,2139
1000320007280-0000,รับเข้า,2139
1000320007281-0000,รับเข้า,2139
1000320007283-0000,รับเข้า,2139
1000320007285-0000,รับเข้า,2139
1000320007288-0000,รับเข้า,2139
1000320007298-0000,รับเข้า,2139
1000320007197-0000,รับเข้า,2139
1000320007203-0000,รับเข้า,2139
1000320007204-0000,รับเข้า,2139
1000320007205-0000,รับเข้า,2139
1000320007206-0000,รับเข้า,2139
1000320007208-0000,รับเข้า,2139
1000320007210-0000,รับเข้า,2139
1000320007211-0000,รับเข้า,2139
1000320007213-0000,รับเข้า,2139
1000320007214-0000,รับเข้า,2139
1000320007215-0000,รับเข้า,2139
1000320007216-0000,รับเข้า,2139
1000320003505-0000,รับเข้า,2139
1000320000586-0000,รับเข้า,2139
1000340000615-0000,รับเข้า,2139
1000340000095-0000,รับเข้า,2139
1000320001077-0000,รับเข้า,2139
1000340001658-0000,รับเข้า,2139
1000340001623-0000,รับเข้า,2139
1000340000942-0000,รับเข้า,2139
1000340000151-0000,รับเข้า,2139
1000320007403-0000,รับเข้า,2139
1000320007408-0000,ย้ายเข้า Stock,2139
1000320007409-0000,ย้ายเข้า Stock,2139
1000320007537-0000,รับเข้า,2139
1000320007538-0000,รับเข้า,2139
1000320007539-0000,รับเข้า,2139
1000320007540-0000,รับเข้า,2139
1000320007541-0000,รับเข้า,2139
1000320007542-0000,รับเข้า,2139
1000320007543-0000,รับเข้า,2139
1000320007544-0000,รับเข้า,2139
1000320007545-0000,รับเข้า,2139
1000320007546-0000,รับเข้า,2139
1000320007547-0000,รับเข้า,2139
1000320007548-0000,รับเข้า,2139
1000320007549-0000,รับเข้า,2139
1000320007550-0000,รับเข้า,2139
1000320007551-0000,รับเข้า,2139
1000320007552-0000,รับเข้า,2139
1000320007553-0000,รับเข้า,2139
1000320007554-0000,รับเข้า,2139
1000320007555-0000,รับเข้า,2139
1000320007556-0000,รับเข้า,2139
1000320007517-0000,รับเข้า,2139
1000320007518-0000,รับเข้า,2139
1000320007519-0000,รับเข้า,2139
1000320007520-0000,รับเข้า,2139
1000320007521-0000,รับเข้า,2139
1000320007522-0000,รับเข้า,2139
1000320007523-0000,รับเข้า,2139
1000320007524-0000,รับเข้า,2139
1000320007525-0000,รับเข้า,2139
1000320007526-0000,รับเข้า,2139
1000320007527-0000,รับเข้า,2139
1000320007528-0000,รับเข้า,2139
1000320007529-0000,รับเข้า,2139
1000320007530-0000,รับเข้า,2139
1000320007531-0000,รับเข้า,2139
1000320007532-0000,รับเข้า,2139
1000320007533-0000,รับเข้า,2139
1000320007534-0000,รับเข้า,2139
1000320007535-0000,รับเข้า,2139
1000320007536-0000,รับเข้า,2139
1000320007508-0000,ย้ายเข้า Stock,2139
1000320007512-0000,ย้ายเข้า Stock,2139
1000320007486-0000,รับเข้า,2139
1000320007489-0000,รับเข้า,2139
1000320007594-0000,รับเข้า,2139
1000320007595-0000,รับเข้า,2139
1000320007596-0000,รับเข้า,2139
1000320007597-0000,รับเข้า,2139
1000320007598-0000,รับเข้า,2139
1000320007599-0000,รับเข้า,2139
1000320007601-0000,รับเข้า,2139
1000320007602-0000,รับเข้า,2139
1000320007603-0000,รับเข้า,2139
1000320007604-0000,รับเข้า,2139
1000320007605-0000,รับเข้า,2139
1000320007606-0000,รับเข้า,2139
1000320007607-0000,รับเข้า,2139
1000320007608-0000,รับเข้า,2139
1000300000143-0000,รับเข้า,2139
1000340002720-0000,ย้ายเข้า Stock,2139
1000340000004-0000,รับเข้า,2139
1000340006476-0000,รับเข้า,2139
1000340006477-0000,รับเข้า,2139
1000340006480-0000,รับเข้า,2139
1000340006586-0000,รับเข้า,2139
1000340006587-0000,รับเข้า,2139
1000320007698-0000,รับเข้า,2139
1000320007700-0000,รับเข้า,2139
1000320007701-0000,รับเข้า,2139
1000320007703-0000,รับเข้า,2139
1000320007706-0000,รับเข้า,2139
1000320007707-0000,รับเข้า,2139
1000320007708-0000,รับเข้า,2139
1000320007710-0000,รับเข้า,2139
1000320007711-0000,รับเข้า,2139
1000320007712-0000,รับเข้า,2139
1000320007714-0000,รับเข้า,2139
1000320007722-0000,รับเข้า,2139
1000320007723-0000,รับเข้า,2139
1000320007724-0000,รับเข้า,2139
1000320002582-0000,ย้ายเข้า Stock,2139
1000320007729-0000,รับเข้า,2139
1000320007730-0000,รับเข้า,2139
1000320007793-0000,รับเข้า,2139
1000320001293-0000,รับเข้า,2139
1000320003512-0000,รับเข้า,2139
1000320001754-0000,รับเข้า,2139
1000320003471-0000,รับเข้า,2139
1000320002026-0000,รับเข้า,2139
1000300002368-0000,รับเข้า,2139
1000300002369-0000,รับเข้า,2139
1000300002370-0000,รับเข้า,2139
1000300002371-0000,รับเข้า,2139
1000300002367-0000,รับเข้า,2139
1000300002365-0000,รับเข้า,2139
1000300002366-0000,รับเข้า,2139
1000320002842-0000,รับเข้า,2139
1000300002372-0000,รับเข้า,2139
1000300001418-0000,รับเข้า,2139
1000300001419-0000,รับเข้า,2139
1000300001420-0000,รับเข้า,2139
1000300001421-0000,รับเข้า,2139
1000300001422-0000,รับเข้า,2139
1000300001413-0000,รับเข้า,2139
1000300001414-0000,รับเข้า,2139
1000300001415-0000,รับเข้า,2139
1000300001416-0000,รับเข้า,2139
1000300001417-0000,รับเข้า,2139
1000320007923-0000,รับเข้า,2139
1000320007924-0000,รับเข้า,2139
1000320007925-0000,รับเข้า,2139
1000320007926-0000,รับเข้า,2139
1000320007927-0000,รับเข้า,2139
1000320007928-0000,รับเข้า,2139
1000320007929-0000,รับเข้า,2139
1000320007930-0000,รับเข้า,2139
1000320007931-0000,รับเข้า,2139
1000320007932-0000,รับเข้า,2139
1000320007933-0000,รับเข้า,2139
1000320007934-0000,รับเข้า,2139
1000320007936-0000,รับเข้า,2139
1000320007940-0000,รับเข้า,2139
1000320007942-0000,รับเข้า,2139
1000320007945-0000,รับเข้า,2139
1000320007948-0000,รับเข้า,2139
1000320007950-0000,รับเข้า,2139
1000320007947-0000,รับเข้า,2139
1000320007958-0000,รับเข้า,2139
1000320007961-0000,รับเข้า,2139
1000320007960-0000,รับเข้า,2139
1000320007962-0000,รับเข้า,2139
1000320007823-0000,รับเข้า,2139
1000320007824-0000,รับเข้า,2139
1000320007825-0000,รับเข้า,2139
1000320007826-0000,รับเข้า,2139
1000320007827-0000,รับเข้า,2139
1000320007828-0000,รับเข้า,2139
1000320007829-0000,รับเข้า,2139
1000320007830-0000,รับเข้า,2139
1000320007831-0000,รับเข้า,2139
1000320007832-0000,รับเข้า,2139
1000320007833-0000,รับเข้า,2139
1000320007834-0000,รับเข้า,2139
1000320007835-0000,รับเข้า,2139
1000320007836-0000,รับเข้า,2139
1000320007837-0000,รับเข้า,2139
1000320007838-0000,รับเข้า,2139
1000320007839-0000,รับเข้า,2139
1000320007840-0000,รับเข้า,2139
1000320007841-0000,รับเข้า,2139
1000320007842-0000,รับเข้า,2139
1000320007843-0000,รับเข้า,2139
1000320007844-0000,รับเข้า,2139
1000320007845-0000,รับเข้า,2139
1000320007846-0000,รับเข้า,2139
1000320007847-0000,รับเข้า,2139
1000320007848-0000,รับเข้า,2139
1000320007849-0000,รับเข้า,2139
1000320007850-0000,รับเข้า,2139
1000320007851-0000,รับเข้า,2139
1000320007852-0000,รับเข้า,2139
1000320007853-0000,รับเข้า,2139
1000320007854-0000,รับเข้า,2139
1000320007855-0000,รับเข้า,2139
1000320007856-0000,รับเข้า,2139
1000320007857-0000,รับเข้า,2139
1000320007858-0000,รับเข้า,2139
1000320007859-0000,รับเข้า,2139
1000320007860-0000,รับเข้า,2139
1000320007861-0000,รับเข้า,2139
1000320007862-0000,รับเข้า,2139
1000320007863-0000,รับเข้า,2139
1000320007864-0000,รับเข้า,2139
1000320007865-0000,รับเข้า,2139
1000320007866-0000,รับเข้า,2139
1000320007867-0000,รับเข้า,2139
1000320007868-0000,รับเข้า,2139
1000320007869-0000,รับเข้า,2139
1000320007870-0000,รับเข้า,2139
1000320007871-0000,รับเข้า,2139
1000320007872-0000,รับเข้า,2139
1000320007873-0000,รับเข้า,2139
1000320007874-0000,รับเข้า,2139
1000320007875-0000,รับเข้า,2139
1000320007876-0000,รับเข้า,2139
1000320007877-0000,รับเข้า,2139
1000320007878-0000,รับเข้า,2139
1000320007879-0000,รับเข้า,2139
1000320007880-0000,รับเข้า,2139
1000320007881-0000,รับเข้า,2139
1000320007882-0000,รับเข้า,2139
1000320007883-0000,รับเข้า,2139
1000320007884-0000,รับเข้า,2139
1000320007885-0000,รับเข้า,2139
1000320007886-0000,รับเข้า,2139
1000320007887-0000,รับเข้า,2139
1000320007888-0000,รับเข้า,2139
1000320007889-0000,รับเข้า,2139
1000320007890-0000,รับเข้า,2139
1000320007891-0000,รับเข้า,2139
1000320007892-0000,รับเข้า,2139
1000320007893-0000,รับเข้า,2139
1000320007894-0000,รับเข้า,2139
1000320007895-0000,รับเข้า,2139
1000320007896-0000,รับเข้า,2139
1000320007897-0000,รับเข้า,2139
1000320007898-0000,รับเข้า,2139
1000320007899-0000,รับเข้า,2139
1000320007900-0000,รับเข้า,2139
1000320007901-0000,รับเข้า,2139
1000320007902-0000,รับเข้า,2139
1000320007903-0000,รับเข้า,2139
1000320007904-0000,รับเข้า,2139
1000320007905-0000,รับเข้า,2139
1000320007906-0000,รับเข้า,2139
1000320007907-0000,รับเข้า,2139
1000320007908-0000,รับเข้า,2139
1000320007909-0000,รับเข้า,2139
1000320007910-0000,รับเข้า,2139
1000320007911-0000,รับเข้า,2139
1000320007912-0000,รับเข้า,2139
1000320007913-0000,รับเข้า,2139
1000320007914-0000,รับเข้า,2139
1000320007915-0000,รับเข้า,2139
1000320007916-0000,รับเข้า,2139
1000320007917-0000,รับเข้า,2139
1000320007918-0000,รับเข้า,2139
1000320007919-0000,รับเข้า,2139
1000320007920-0000,รับเข้า,2139
1000320007921-0000,รับเข้า,2139
1000320007922-0000,รับเข้า,2139
1000320008000-0000,รับเข้า,2139
1000340006799-0000,รับเข้า,2139
1000340006800-0000,รับเข้า,2139
1000340006801-0000,รับเข้า,2139
1000340006802-0000,รับเข้า,2139
1000340006803-0000,รับเข้า,2139
1000340006804-0000,รับเข้า,2139
1000340006805-0000,รับเข้า,2139
1000340006807-0000,รับเข้า,2139
1000340006808-0000,รับเข้า,2139
1000320008006-0000,รับเข้า,2139
1000320008007-0000,รับเข้า,2139
1000320008008-0000,รับเข้า,2139
1000320008009-0000,รับเข้า,2139
1000320008010-0000,รับเข้า,2139
1000320008011-0000,รับเข้า,2139
1000320008012-0000,รับเข้า,2139
1000320008013-0000,รับเข้า,2139
1000320008014-0000,รับเข้า,2139
1000320008015-0000,รับเข้า,2139
1000320008016-0000,รับเข้า,2139
1000320008017-0000,รับเข้า,2139
1000320008018-0000,รับเข้า,2139
1000320008019-0000,รับเข้า,2139
1000320008020-0000,รับเข้า,2139
1000320008021-0000,รับเข้า,2139
1000320008022-0000,รับเข้า,2139
1000320008023-0000,รับเข้า,2139
1000320008024-0000,รับเข้า,2139
1000320008025-0000,รับเข้า,2139
1000320008026-0000,รับเข้า,2139
1000320008027-0000,รับเข้า,2139
1000320008028-0000,รับเข้า,2139
1000320008029-0000,รับเข้า,2139
1000320008030-0000,รับเข้า,2139
1000320008031-0000,รับเข้า,2139
1000320008032-0000,รับเข้า,2139
1000320008033-0000,รับเข้า,2139
1000320008034-0000,รับเข้า,2139
1000320008035-0000,รับเข้า,2139
1000320008036-0000,รับเข้า,2139
1000320008037-0000,รับเข้า,2139
1000320008038-0000,รับเข้า,2139
1000320008039-0000,รับเข้า,2139
1000320008040-0000,รับเข้า,2139
1000320008041-0000,รับเข้า,2139
1000320008042-0000,รับเข้า,2139
1000320008043-0000,รับเข้า,2139
1000320008044-0000,รับเข้า,2139
1000320008045-0000,รับเข้า,2139
1000320008046-0000,รับเข้า,2139
1000320008047-0000,รับเข้า,2139
1000320008048-0000,รับเข้า,2139
1000320008049-0000,รับเข้า,2139
1000320008050-0000,รับเข้า,2139
1000320008051-0000,รับเข้า,2139
1000320008052-0000,รับเข้า,2139
1000320008053-0000,รับเข้า,2139
1000320008054-0000,รับเข้า,2139
1000320008055-0000,รับเข้า,2139
1000320008056-0000,รับเข้า,2139
1000320008057-0000,รับเข้า,2139
1000320008058-0000,รับเข้า,2139
1000320008059-0000,รับเข้า,2139
1000320008060-0000,รับเข้า,2139
1000320008061-0000,รับเข้า,2139
1000320008062-0000,รับเข้า,2139
1000320008063-0000,รับเข้า,2139
1000320008064-0000,รับเข้า,2139
1000320008065-0000,รับเข้า,2139
1000320008066-0000,รับเข้า,2139
1000320008067-0000,รับเข้า,2139
1000320008068-0000,รับเข้า,2139
1000320008069-0000,รับเข้า,2139
1000320008070-0000,รับเข้า,2139
1000320008071-0000,รับเข้า,2139
1000320008072-0000,รับเข้า,2139
1000320008073-0000,รับเข้า,2139
1000320008074-0000,รับเข้า,2139
1000320008075-0000,รับเข้า,2139
1000320008076-0000,รับเข้า,2139
1000320008077-0000,รับเข้า,2139
1000320008078-0000,รับเข้า,2139
1000320008079-0000,รับเข้า,2139
1000320008080-0000,รับเข้า,2139
1000320008081-0000,รับเข้า,2139
1000320008082-0000,รับเข้า,2139
1000320008083-0000,รับเข้า,2139
1000320008084-0000,รับเข้า,2139
1000320008085-0000,รับเข้า,2139
1000320008086-0000,รับเข้า,2139
1000320008087-0000,รับเข้า,2139
1000320008088-0000,รับเข้า,2139
1000320008089-0000,รับเข้า,2139
1000320008090-0000,รับเข้า,2139
1000320008092-0000,รับเข้า,2139
1000320008093-0000,รับเข้า,2139
1000320008094-0000,รับเข้า,2139
1000320008095-0000,รับเข้า,2139
1000320008096-0000,รับเข้า,2139
1000320008097-0000,รับเข้า,2139
1000320008098-0000,รับเข้า,2139
1000320008099-0000,รับเข้า,2139
1000320008100-0000,รับเข้า,2139
1000320008101-0000,รับเข้า,2139
1000320008102-0000,รับเข้า,2139
1000320008103-0000,รับเข้า,2139
1000320008104-0000,รับเข้า,2139
1000320008105-0000,รับเข้า,2139
1000340006831-0000,รับเข้า,2139
1000340006832-0000,รับเข้า,2139
1000340001734-0000,รับเข้า,2139
1000340006909-0000,รับเข้า,2139
1000320003782-0000,รับเข้า,2139
1000320000847-0000,รับเข้า,2139
1000320003960-0000,รับเข้า,2139
1000320003959-0000,รับเข้า,2139
1000320002979-0000,รับเข้า,2139
1000340003383-0000,รับเข้า,2139
1000340000758-0000,รับเข้า,2139
1000340000465-0000,รับเข้า,2139
1000320001677-0000,รับเข้า,2139
1000340006925-0000,รับเข้า,2139
1000320008374-0000,รับเข้า,2139
1000320008376-0000,รับเข้า,2139
1000320008379-0000,รับเข้า,2139
1000320008382-0000,รับเข้า,2139
1000320008383-0000,รับเข้า,2139
1000320008385-0000,รับเข้า,2139
1000320008386-0000,รับเข้า,2139
1000320008387-0000,รับเข้า,2139
1000320008388-0000,รับเข้า,2139
1000320008389-0000,รับเข้า,2139
1000320008390-0000,รับเข้า,2139
1000320008391-0000,รับเข้า,2139
1000320008392-0000,รับเข้า,2139
1000320008393-0000,รับเข้า,2139
1000320008394-0000,รับเข้า,2139
1000320008395-0000,รับเข้า,2139
1000320008396-0000,รับเข้า,2139
1000320008397-0000,รับเข้า,2139
1000320008398-0000,รับเข้า,2139
1000320008399-0000,รับเข้า,2139
1000320008400-0000,รับเข้า,2139
1000340006927-0000,รับเข้า,2139
1000340006928-0000,รับเข้า,2139
1000340006929-0000,รับเข้า,2139
1000340006930-0000,รับเข้า,2139
1000320000873-0000,รับเข้า,2139
1000340000160-0000,รับเข้า,2139
1000340006941-0000,รับเข้า,2139
1000340006942-0000,รับเข้า,2139
1000340006943-0000,รับเข้า,2139
1000340006945-0000,รับเข้า,2139
1000340006946-0000,รับเข้า,2139
1000340006947-0000,รับเข้า,2139
1000320008405-0000,รับเข้า,2139
1000320008406-0000,รับเข้า,2139
1000320008407-0000,รับเข้า,2139
1000320008408-0000,รับเข้า,2139
1000320008409-0000,รับเข้า,2139
1000320008410-0000,รับเข้า,2139
1000320008411-0000,รับเข้า,2139
1000320008412-0000,รับเข้า,2139
1000320008413-0000,รับเข้า,2139
1000320008414-0000,รับเข้า,2139
1000320008415-0000,รับเข้า,2139
1000320008416-0000,รับเข้า,2139
1000320008417-0000,รับเข้า,2139
1000320008418-0000,รับเข้า,2139
1000320008419-0000,รับเข้า,2139
1000320008420-0000,รับเข้า,2139
1000320008421-0000,รับเข้า,2139
1000320008422-0000,รับเข้า,2139
1000320008423-0000,รับเข้า,2139
1000320008424-0000,รับเข้า,2139
1000320008425-0000,รับเข้า,2139
1000320008426-0000,รับเข้า,2139
1000320008427-0000,รับเข้า,2139
1000320008428-0000,รับเข้า,2139
1000320008429-0000,รับเข้า,2139
1000320008430-0000,รับเข้า,2139
1000320008431-0000,รับเข้า,2139
1000320008432-0000,รับเข้า,2139
1000320008433-0000,รับเข้า,2139
1000320008434-0000,รับเข้า,2139
1000320008435-0000,รับเข้า,2139
1000320008436-0000,รับเข้า,2139
1000320008437-0000,รับเข้า,2139
1000320008438-0000,รับเข้า,2139
1000320008439-0000,รับเข้า,2139
1000320008440-0000,รับเข้า,2139
1000320008441-0000,รับเข้า,2139
1000320008442-0000,รับเข้า,2139
1000320008443-0000,รับเข้า,2139
1000320008444-0000,รับเข้า,2139
1000320008445-0000,รับเข้า,2139
1000320008446-0000,รับเข้า,2139
1000320008447-0000,รับเข้า,2139
1000320008448-0000,รับเข้า,2139
1000320008449-0000,รับเข้า,2139
1000320008450-0000,รับเข้า,2139
1000320008451-0000,รับเข้า,2139
1000320008504-0000,รับเข้า,2139
1000320008452-0000,รับเข้า,2139
1000320008453-0000,รับเข้า,2139
1000320008454-0000,รับเข้า,2139
1000320008455-0000,รับเข้า,2139
1000320008456-0000,รับเข้า,2139
1000320008457-0000,รับเข้า,2139
1000320008458-0000,รับเข้า,2139
1000320008459-0000,รับเข้า,2139
1000320008460-0000,รับเข้า,2139
1000320008461-0000,รับเข้า,2139
1000320008462-0000,รับเข้า,2139
1000320008463-0000,รับเข้า,2139
1000320008464-0000,รับเข้า,2139
1000320008465-0000,รับเข้า,2139
1000320008466-0000,รับเข้า,2139
1000320008467-0000,รับเข้า,2139
1000320008468-0000,รับเข้า,2139
1000320008469-0000,รับเข้า,2139
1000320008470-0000,รับเข้า,2139
1000320008471-0000,รับเข้า,2139
1000320008472-0000,รับเข้า,2139
1000320008473-0000,รับเข้า,2139
1000320008474-0000,รับเข้า,2139
1000320008475-0000,รับเข้า,2139
1000320008476-0000,รับเข้า,2139
1000320008477-0000,รับเข้า,2139
1000320008478-0000,รับเข้า,2139
1000320008479-0000,รับเข้า,2139
1000320008480-0000,รับเข้า,2139
1000320008481-0000,รับเข้า,2139
1000320008482-0000,รับเข้า,2139
1000320008483-0000,รับเข้า,2139
1000320008484-0000,รับเข้า,2139
1000320008485-0000,รับเข้า,2139
1000320008486-0000,รับเข้า,2139
1000320008487-0000,รับเข้า,2139
1000320008488-0000,รับเข้า,2139
1000320008489-0000,รับเข้า,2139
1000320008490-0000,รับเข้า,2139
1000320008491-0000,รับเข้า,2139
1000320008492-0000,รับเข้า,2139
1000320008493-0000,รับเข้า,2139
1000320008494-0000,รับเข้า,2139
1000320008495-0000,รับเข้า,2139
1000320008496-0000,รับเข้า,2139
1000320008497-0000,รับเข้า,2139
1000320008498-0000,รับเข้า,2139
1000320008499-0000,รับเข้า,2139
1000320008500-0000,รับเข้า,2139
1000320008501-0000,รับเข้า,2139
1000320008502-0000,รับเข้า,2139
1000320008503-0000,รับเข้า,2139
1000320002524-0000,รับเข้า,2139
1000300000156-0000,รับเข้า,2139
1000320008372-0000,รับเข้า,2139
1000340000190-0000,รับเข้า,2139
1000340000259-0000,รับเข้า,2139
1000340000277-0000,รับเข้า,2139
1000340000606-0000,รับเข้า,2139
1000340000609-0000,รับเข้า,2139
1000340000292-0000,รับเข้า,2139
1000340003122-0000,รับเข้า,2139
1000340000763-0000,รับเข้า,2139
1000340003357-0000,รับเข้า,2139
1000340003734-0000,รับเข้า,2139
1000340003131-0000,รับเข้า,2139
1000340002051-0000,รับเข้า,2139
1000340000480-0000,รับเข้า,2139
1000340002198-0000,รับเข้า,2139